Code,Name_KR,Name_EN,Category(존재),Subcategory,Main_Function(기능),Ambiguity,Note,Description(사전식 설명),CHECK_DUP,Has_Rule,Rule_ID,,intensity,Volatility,Dominance,Pairing,Avoid_pairing,Usage_position,,,,,
000,염도,Salty,Salty,Salty (염도),Salty,-,상위군,"짠맛을 통해 전체 맛의 중심을 세우고, 다른 맛이 또렷하게 드러나도록 정리해주는 기준 기능",-,-,-,,중요,향날림정도,맛지배력,궁합,충돌,초중마무리,,,,,
001,소금,Salt,Salty,General Salt,Salty,-,대표 노드,사용자가 일반적으로 입력하는 대표 염도 재료명으로 다양한 소금 계열의 공통 개념,,,,,,,,,,,,,,,
010,가는 소금,Fine Salt,Salty,Fine Salt (미세 소금),Salty,-,상위군,"짠맛이 빠르게 퍼져 전체에 고르게 간을 만들고, 재료 내부까지 균일하게 맛의 중심을 잡아주는 기본형 소금",-,-,-,,,,,,,,,,,,
011,정제 가는 소금,Refined Fine Salt,Salty,Fine Salt (미세 소금),Salty,-,기준형,"짠맛이 빠르고 명확하게 드러나며, 다른 맛을 방해하지 않고 전체 간을 깨끗하게 정리하는 정제형 미세 소금",-,-,-,,,,,,,,,,,,
012,천일 가는 소금,Fine Sea Salt,Salty,Fine Salt (미세 소금),Salty,-,원천형,바닷물에서 얻은 가는 입자의 소금으로 미네랄을 포함하며 부드러운 염도를 제공,-,-,-,,,,,,,,,,,,
013,암염 가는 소금,Fine Rock Salt,Salty,Fine Salt (미세 소금),Salty,-,원천형,지하 암염에서 채취한 가는 입자의 소금으로 비교적 순수한 염도를 제공,-,-,-,,,,,,,,,,,,
014,기능성 가는 소금,Functional Fine Salt,Salty,Fine Salt (미세 소금),Salty,-,상위군,첨가물 또는 가공을 통해 맛·기능이 강화된 가는 소금 계열,-,-,-,,,,,,,,,,,,
014.01,맛소금,Seasoned Salt,Salty,Functional Fine Salt (기능성 가는 소금),Salty+Umami,Salty vs Umami,감칠 성분 포함,MSG 등 감칠 성분이 첨가되어 단순 염도 이상의 풍미를 제공하는 기능성 가는 소금,-,-,-,,,,,,,,,,,,
014.02,구운소금,Roasted Salt,Salty,Functional Fine Salt (기능성 가는 소금),Salty,-,가공형,열처리를 통해 수분과 일부 향미 특성이 변화한 기능성 가는 소금,-,-,-,,,,,,,,,,,,
020,굵은 소금,Coarse Salt,Salty,Coarse Salt (굵은 소금),Salty,-,상위군,입자가 크고 천천히 녹아 조리 중 간 조절과 절임에 적합한 굵은 소금 계열,-,-,-,,,,,,,,,,,,
021,정제 굵은 소금,Coarse Refined Salt,Salty,Coarse Salt (굵은 소금),Salty,-,기준형,입자가 굵고 천천히 녹아 조리 중 간 조절과 절임에 적합한 정제 굵은 소금,-,-,-,,,,,,,,,,,,
022,천일 굵은 소금,Coarse Sea Salt,Salty,Coarse Salt (굵은 소금),Salty,-,원천형,바닷물에서 얻은 굵은 입자의 소금으로 미네랄을 포함하며 절임과 조리에 적합,-,-,-,,,,,,,,,,,,
023,암염 굵은 소금,Coarse Rock Salt,Salty,Coarse Salt (굵은 소금),Salty,-,원천형,지하 암염에서 채취한 굵은 입자의 소금으로 비교적 순수한 염도를 제공하며 절임과 조리에 적합,-,-,-,,,,,,,,,,,,
024,특수 굵은 소금,Specialty Coarse Salt,Salty,Coarse Salt (굵은 소금),Salty,-,상위군,"훈연, 향 첨가, 색 변화 등 특수 가공 또는 특성을 가진 굵은 소금 계열",-,-,-,,,,,,,,,,,,
030,플레이크 소금,Flake Salt,Salty,Flake Salt (플레이크 소금),Salty,-,상위군,얇고 넓은 결정 구조로 바삭한 식감과 마무리 간에 적합한 소금 계열,-,-,-,,,,,,,,,,,,
031,씨 솔트 플레이크,Sea Salt Flakes,Salty,Flake Salt (플레이크 소금),Salty,-,원천형,바닷물에서 형성된 얇고 넓은 결정 구조의 플레이크 소금으로 바삭한 식감과 마무리 간에 적합,-,-,-,,,,,,,,,,,,
032,피라미드 플레이크 소금,Pyramid Flake Salt,Salty,Flake Salt (플레이크 소금),Salty,-,결정형,피라미드 형태의 결정 구조를 가진 플레이크 소금으로 바삭한 식감과 시각적 효과가 뛰어난 마무리용 소금,-,-,-,,,,,,,,,,,,
033,얇은 플레이크 소금,Thin Flake Salt,Salty,Flake Salt (플레이크 소금),Salty,-,결정형,매우 얇고 가벼운 결정 구조로 빠르게 녹으며 섬세한 식감과 마무리 간에 적합한 플레이크 소금,-,-,-,,,,,,,,,,,,
034,미네랄 플레이크 소금,Mineral Flake Salt,Salty,Flake Salt (플레이크 소금),Salty,-,원천형,미네랄 함량이 높은 원천에서 형성된 플레이크 소금으로 풍미와 색감이 특징인 마무리용 소금,-,-,-,,,,,,,,,,,,
040,액상 소금,Liquid Salt,Salty,Liquid Salt (액상 소금),Salty,-,상위군,액체 상태로 존재하여 빠르게 균일 분산되고 브라인·소스·액상 조절에 적합한 소금 계열,-,-,-,,,,,,,,,,,,
041,염수,Brine,Salty,Liquid Salt (액상 소금),Salty,-,용액형,"물에 소금이 용해된 용액 형태로 절임, 숙성, 수분 유지에 사용되는 기본 액상 소금",-,-,-,,,,,,,,,,,,
042,액상 소금 추출물,Liquid Salt Extract,Salty,Liquid Salt (액상 소금),Salty,-,가공형,소금을 물에 녹이거나 농축·추출하여 만든 액상 형태의 소금으로 균일한 염도 조절과 빠른 분산에 적합,-,-,-,,,,,,,,,,,,
043,향미 액상 소금,Flavored Liquid Salt,Salty,Liquid Salt (액상 소금),Salty+Aroma,Salty vs Aroma,향 첨가형,"허브, 향신료, 트러플 등 향미가 첨가된 액상 소금으로 염도와 향을 동시에 제공",-,-,-,,,,,,,,,,,,
044,기능성 액상 소금,Functional Liquid Salt,Salty,Liquid Salt (액상 소금),Salty,-,상위군,"첨가물 또는 가공을 통해 기능이 강화된 액상 소금 계열 (예: 미네랄 강화, 전해질 보강 등)",-,-,-,,,,,,,,,,,,
100,감칠맛,Umami,Umami,Umami (감칠맛),Umami,-,상위군,단백질 분해 및 핵산 계열에서 유래한 깊고 지속적인 풍미를 형성하는 기본 맛 기능,-,-,-,,,,,,,,,,,,
110,발효 베이스 감칠,Fermented Base Umami,Umami,Fermented Base Umami,Umami,-,중분류,미생물 발효 과정을 통해 생성된 아미노산·핵산 계열의 감칠맛을 제공하는 재료군,-,-,-,,,,,,,,,,,,
111,간장,Soy Sauce,Umami,Fermented Base Umami,Umami,-,소군,발효 액상 감칠 베이스의 대표 군. 콩과 곡물 발효로 생성된 액상 조미료로 깊은 감칠맛과 염도를 동시에 제공,-,-,-,,,,,,,,,,,,
111.01,진간장,Dark Soy Sauce,Umami,Fermented Base Umami,Umami,-,실제 재료/장시간 숙성형,색과 밸런스를 주는 발효 간장. 장시간 발효·숙성으로 색이 진하고 감칠맛이 깊으며 염도도 함께 제공되는 간장,-,-,-,,,,,,,,,,,,
111.02,국간장,Soup Soy Sauce,Umami,Fermented Base Umami,Umami,-,실제 재료/국물용,국물용으로 쓰이는 맑고 날카로운 발효 간장. 염도가 높고 색이 연해 국물 요리의 간과 감칠맛을 동시에 맞추는 간장,-,-,-,,,,,,,,,,,,
111.03,양조간장,Brewed Soy Sauce,Umami,Fermented Base Umami,Umami,-,실제 재료/발효형,양조 발효 중심의 부드러운 간장. 콩과 곡물을 전통 발효로 제조해 향·감칠맛이 균형 잡힌 간장,-,-,-,,,,,,,,,,,,
111.04,기타 간장,Other Soy Sauce,Umami,Fermented Base Umami,Umami,-,확장형,"혼합간장, 저염간장 등 특정 용도나 제조 방식에 따라 분류되지 않은 기타 간장류",-,-,-,,,,,,,,,,,,
112,발효 콩 페이스트 ,Doenjang / Miso,Umami,Fermented Base Umami,Umami,-,소군,발효 페이스트 감칠 베이스의 대표 군. 콩 발효를 기반으로 한 페이스트 형태의 조미료로 깊고 지속적인 감칠맛을 제공,-,-,-,,,,,,,,,,,,
112.01,된장,Doenjang,Umami,Fermented Base Umami,Umami,-,실제 재료/전통 발효형,대두 발효를 통해 깊은 감칠 베이스를 만드는 한국식 발효장. 콩을 발효하여 만든 페이스트 형태의 조미료로 깊은 감칠맛과 염도를 동시에 제공,-,-,-,,,,,,,,,,,,
112.02,미소,Miso,Umami,Fermented Base Umami,Umami,-,실제 재료/일본 발효형,곡물과 대두 발효를 통해 형성된 일본식 발효 페이스트. 쌀·보리·콩 등을 발효해 만든 페이스트로 부드럽고 깊은 감칠맛과 염도를 동시에 제공,-,-,-,,,,,,,,,,,,
112.03,기타 발효장,Other Fermented Paste,Umami,Fermented Base Umami,Umami,-,확장형,된장과 미소 외의 발효 페이스트 장류. 된장·미소 외 다양한 콩/곡물 발효 페이스트로 지역·원료에 따라 풍미가 다른 감칠맛 조미료,-,-,-,,,,,,,,,,,,
113,액젓,Fish Sauce,Umami,Fermented Base Umami,Umami,-,소군,발효 해산물 감칠 베이스의 대표 군. 어류를 염장·발효하여 얻은 액상 조미료로 강한 감칠맛과 염도를 동시에 제공,-,-,-,,,,,,,,,,,,
113.01,멸치액젓,Anchovy Fish Sauce,Umami,Fermented Base Umami,Umami,-,실제 재료/원천형,멸치를 염장·발효하여 만든 액상 조미료로 강한 감칠맛과 염도를 제공,-,-,-,,,,,,,,,,,,
113.02,까나리액젓,Sand Lance Fish Sauce,Umami,Fermented Base Umami,Umami,-,실제 재료/원천형,까나리를 염장·발효하여 만든 액상 조미료로 깊은 감칠맛과 염도를 제공,-,-,-,,,,,,,,,,,,
113.03,새우액젓,Shrimp Fish Sauce,Umami,Seafood Fermented Sauce,Umami,해산물 발효 액젓 계열,강한 해산물 발효향,새우를 발효하여 만든 감칠 조미 액체,-,-,-,,,,,,,High,Medium,High,"칠리,마늘",유제품,후반
113.04,베트남 피쉬소스,Vietnamese Fish Sauce,Umami,Fermented Fish Sauce,Umami,동남아 피쉬소스 계열,강한 발효 어류향,동남아식 발효 어류 기반 액상 감칠 조미료,-,-,-,,,,,,,High,High,High,"라임,허브",유제품,후반
113.05,기타 액젓,Other Fish Sauce,Umami,Fermented Base Umami,Umami,-,확장형,멸치·까나리 외 다양한 어류를 염장·발효하여 만든 액상 조미료,-,-,-,,,,,,,,,,,,
114,발효 장 페이스트,Fermented Paste Base,Umami,Fermented Base Umami,Umami,높음,임시 군,고추장·삼발·초고추장 등 복합 발효 장류를 임시로 담는 군,검토 필요,-,-,,,,,,,,,,,,
114.01,고추장,Gochujang,Umami,Fermented Base Umami,Umami,높음,복합 발효형 재료,"발효 콩 기반에 고추와 곡물 당화가 결합된 한국식 발효 장류. 고추·콩·곡물을 함께 발효한 페이스트로 감칠맛, 단맛, 매운맛, 염도를 동시에 제공하는 복합 조미료",검토 필요,-,-,,,,,,,,,,,,
114.02,삼발소스,Sambal Sauce,Umami,Fermented Base Umami,Umami,높음,복합 소스형 재료,"고추 기반의 복합 조미 소스로 발효 여부와 유형 차이 검토 필요. 고추, 염장 재료, 발효 성분 등을 기반으로 한 동남아식 소스로 감칠맛과 매운맛, 염도를 동시에 제공",검토 필요,-,-,,,,,,,,,,,,
114.03,초고추장,Chogochujang,Umami,Fermented Base Umami,Umami,높음,복합 재료,"고추장에 식초와 당류가 더해진 복합 장류. 고추장에 식초와 당류를 혼합한 소스로 감칠맛, 단맛, 매운맛, 산미, 염도를 동시에 제공하는 복합 조미료",검토 필요,-,-,,,,,,,,,,,,
114.04,쌈장,Ssamjang,Umami,Fermented Paste,Umami+Heat,된장+고추장 복합,복합 장류,된장과 고추장을 혼합한 한국식 발효 장 페이스트,-,-,-,,,,,,,High,Low,High,"마늘,참기름",유제품,중반
120,동물성 베이스 감칠,Animal Base Umami,Umami,Animal Base Umami,Umami,-,중분류,육류·어류 기반의 직접적인 감칠 베이스 구조. 육류·해산물 등 동물성 원재료에서 유래한 감칠맛으로 깊고 진한 풍미를 형성하는 재료군,-,-,-,,,,,,,,,,,,
121,육수/스톡,Stock / Broth,Umami,Animal Base Umami,Umami,-,소군/추출형,동물성 감칠 베이스의 대표 군. 고기·뼈 등을 끓여 추출한 액상으로 깊고 진한 감칠맛을 제공하는 기본 조리 베이스,-,-,-,,,,,,,,,,,,
121.01,닭 육수,Chicken Stock,Umami,Animal Base Umami,Umami,-,실제 재료,닭을 기반으로 우려낸 동물성 감칠 베이스 닭 뼈와 살을 끓여 감칠맛을 추출한 육수로 깔끔하면서도 깊은 풍미를 제공하는 기본 조리 베이스,-,-,-,,,,,,,,,,,,
121.02,소 육수,Beef Stock,Umami,Animal Base Umami,Umami,-,실제 재료,소고기 또는 소뼈를 기반으로 우려낸 동물성 감칠 베이스. 소의 뼈와 고기를 끓여 감칠맛을 추출한 육수로 깊고 진한 풍미를 제공하는 기본 조리 베이스,-,-,-,,,,,,,,,,,,
121.03,건어물 육수,Dried Fish Stock,Umami,Animal Base Umami,Umami,중간/건조원료기반,경계 항목,"건어물 기반 육수로 직접 베이스와 건조 재료 경계 검토 가능. 멸치, 다시마, 건새우 등 건조된 해산물을 우려내어 감칠맛을 추출한 육수로 깔끔하고 선명한 풍미를 제공하는 베이스",검토 필요,-,-,,,,,,,,,,,,
121.04,해산물 육수,Seafood Stock,Umami,Animal Base Umami,Umami,신선해산물기반,실제 재료,"해산물을 기반으로 우려낸 동물성 감칠 베이스. 생선, 조개, 갑각류 등 신선한 해산물을 끓여 감칠맛을 추출한 육수로 풍부하고 복합적인 바다 풍미를 제공하는 베이스",-,-,-,,,,,,,,,,,,
121.05,혼합 육수,Mixed Stock,Umami,Animal Base Umami,Umami,복합원료기반,확장형,둘 이상의 동물성 재료가 혼합된 감칠 베이스 육수. 육류와 해산물 또는 다양한 동물성 재료를 함께 끓여 감칠맛을 복합적으로 추출한 육수로 균형 잡힌 깊은 풍미를 제공하는 베이스,-,-,-,,,,,,,,,,,,
121.06,사골 육수,Bone Broth,Umami,Animal Base Umami,Umami,콜라겐/점도 포함,실제 재료,"뼈를 오래 우려 진한 동물성 감칠을 내는 육수. 뼈를 장시간 끓여 콜라겐과 진한 감칠맛, 점도를 함께 추출한 육수로 깊은 바디감을 제공하는 베이스",-,-,-,,,,,,,,,,,,
121.07,훈연 육수,Smoked Stock,Umami,Animal Umami (동물성 감칠맛),Umami+Smoky,훈연 성분 포함,추출형,훈연된 재료 또는 훈연 공정을 통해 연기 향과 감칠맛이 결합된 육수,-,-,-,,,,,,,,,,,,
121.08,치킨스톡,Chicken Stock,Umami,Animal Stock,Umami,닭 육수 농축형,육수 베이스,닭 기반 감칠 성분을 농축한 조리 베이스,-,-,-,,,,,,,Medium,Low,High,"후추,허브",과한 산미,초반
130,식물성 베이스 감칠,Plant Base Umami,Umami,Plant Base Umami,Umami,-,중분류,식물성 원재료가 직접 만드는 감칠 베이스 구조,-,-,-,,,,,,,,,,,,
131,해조류,Seaweed,Umami,Plant Base Umami,Umami,-,소군,식물성 감칠 베이스의 대표 해조류 군,-,-,-,,,,,,,,,,,,
131.01,다시마,Kelp,Umami,Plant Base Umami,Umami,-,실제 재료,해조류 기반의 대표적인 식물성 감칠 베이스 재료,-,-,-,,,,,,,,,,,,
131.02,기타 해조류,Other Seaweed,Umami,Plant Base Umami,Umami,-,확장형,다시마 외 식물성 감칠을 제공하는 해조류,-,-,-,,,,,,,,,,,,
132,버섯,Mushroom,Umami,Plant Base Umami,Umami,-,소군,식물성 감칠 베이스의 대표 버섯 군,-,-,-,,,,,,,,,,,,
132.01,표고버섯,Shiitake Mushroom,Umami,Plant Base Umami,Umami,-,실제 재료,버섯류 기반의 대표적인 식물성 감칠 베이스 재료,-,-,-,,,,,,,,,,,,
132.02,기타 버섯,Other Mushroom,Umami,Plant Base Umami,Umami,-,확장형,표고 외 식물성 감칠을 제공하는 버섯류,-,-,-,,,,,,,,,,,,
133,토마토,Tomato,Umami,Plant Base Umami,Umami,-,소군,산미와 함께 감칠을 제공하는 식물성 베이스 군,-,-,-,,,,,,,,,,,,
133.01,토마토,Tomato,Umami,Plant Base Umami,Umami,-,실제 재료,산미와 함께 감칠을 제공하는 대표 식물성 재료,-,-,-,,,,,,,,,,,,
134,기타 식물성 베이스,Other Plant Base,Umami,Plant Base Umami,Umami,중간,소군,"해조류, 버섯, 토마토 외의 식물성 원재료가 직접 형성하는 감칠 베이스 군",-,-,-,,,,,,,,,,,,
134.01,채소육수,Vegetable Stock,Umami,Plant Base Umami,Umami,중간,실제 재료,채소를 기반으로 우려낸 식물성 감칠 베이스,-,-,-,,,,,,,,,,,,
134.02,양파,Onion,Umami,Plant Base Umami,Umami,중간,경계 항목,단독 재료이면서 식물성 베이스 형성 재료로도 작동함,검토 필요,-,-,,,,,,,,,,,,
134.03,셀러리,Celery,Umami,Plant Base Umami,Umami,중간,경계 항목,단독 재료이면서 식물성 베이스 형성 재료로도 작동함,검토 필요,-,-,,,,,,,,,,,,
134.04,당근,Carrot,Umami,Plant Base Umami,Umami,중간,경계 항목,단독 재료이면서 식물성 베이스 형성 재료로도 작동함,검토 필요,-,-,,,,,,,,,,,,
134.05,대파,Scallion,Umami,Plant Base Umami,Umami,중간,경계 항목,향미 채소이면서 식물성 베이스 형성 재료로도 작동함,검토 필요,-,-,,,,,,,,,,,,
140,농축/추출 베이스 감칠,Concentrated / Extracted Base Umami,Umami,Concentrated / Extracted Base Umami,Umami,-,중분류,원재료를 농축하거나 추출해 밀도를 높인 감칠 베이스 구조,-,-,-,,,,,,,,,,,,
141,식물성 농축/추출 감칠,Plant Concentrated / Extracted Umami,Umami,Concentrated / Extracted Base Umami,Umami,-,소군,식물성 원재료를 농축·추출한 감칠 베이스 군,-,-,-,,,,,,,,,,,,
141.01,토마토페이스트,Tomato Paste,Umami,Concentrated / Extracted Base Umami,Umami,-,실제 재료,토마토를 농축해 감칠과 밀도를 높인 식물성 감칠 재료,-,-,-,,,,,,,,,,,,
141.02,버섯가루,Mushroom Powder,Umami,Concentrated / Extracted Base Umami,Umami,-,실제 재료,버섯 감칠을 건조·분말화한 식물성 농축 감칠 재료,-,-,-,,,,,,,,,,,,
141.03,해조류 농축,Seaweed Concentrate,Umami,Concentrated / Extracted Base Umami,Umami,-,실제 재료,해조류 감칠을 농축한 식물성 감칠 재료,-,-,-,,,,,,,,,,,,
141.04,효모추출물,Yeast Extract,Umami,Concentrated / Extracted Base Umami,Umami,중간,경계 항목,식물성으로 볼지 별도 축으로 볼지 재검토 가능하나 현재는 농축 감칠로 임시 배치,검토 필요,-,-,,,,,,,,,,,,
141.05,연두,Yeondu,Umami,Vegetable Extract Umami,Umami,채소 추출 감칠액,채소 감칠,채소 추출 기반의 액상 감칠 조미료,-,-,-,,,,,,,Medium,Medium,Medium,"버섯,양파",강한 향신료,중반
142,동물성 농축/추출 감칠,Animal Concentrated / Extracted Umami,Umami,Concentrated / Extracted Base Umami,Umami,-,소군,동물성 원재료를 농축·추출한 감칠 베이스 군. 육류에서 감칠 성분을 추출·농축한 재료로 직접적인 감칠 보강에 사용됨,-,-,-,,,,,,,,,,,,
142.01,소고기다시다,Beef Stock Powder,Umami,Concentrated / Extracted Base Umami,Umami,중간,상품명 성격/복합 추출형,소고기 기반 농축 감칠 조미료. 소고기 기반 감칠 성분을 추출·농축하고 조미 성분을 배합한 분말형 감칠 조미료,검토 필요,-,-,,,,,,,,,,,,
142.02,멸치다시다,Anchovy Stock Powder,Umami,Concentrated / Extracted Base Umami,Umami,중간,상품명 성격,멸치 기반 농축 감칠 조미료. 멸치 기반 감칠 성분을 추출·농축하고 조미 성분을 배합한 분말형 감칠 조미료,검토 필요,-,-,,,,,,,,,,,,
142.03,굴소스,Oyster Sauce,Umami,Concentrated / Extracted Base Umami,Umami,높음,발효/농축 경계,"굴 기반의 농축 감칠 소스로 발효 축과 경계 검토 가능. 굴 추출물에 당, 전분, 간장 등을 혼합하여 감칠, 단맛, 염도를 동시에 제공하는 농축 조미소스",검토 필요,-,-,,,,,,,,,,,,
142.04,기타 동물성 추출 감칠,Other Animal Extract Umami,Umami,Concentrated / Extracted Base Umami,Umami,-,확장형,기타 동물성 원재료 기반 농축/추출 감칠,-,-,-,,,,,,,,,,,,
150,순수 감칠 보강,Pure Umami Booster,Umami,Pure Umami Booster,Umami,-,중분류,분리된 감칠 성분으로 직접 감칠을 보강하는 구조,-,-,-,,,,,,,,,,,,
150.01,MSG,MSG,Umami,Pure Umami Booster,Umami,-,기준형/정제 성분형,가장 대표적인 직접 감칠 성분. 글루탐산나트륨 형태로 직접적인 감칠맛을 제공하는 대표적 순수 감칠 재료,-,-,-,,,,,,,,,,,,
150.02,이노신산나트륨,Disodium Inosinate,Umami,Pure Umami Booster,Umami,-,보강형/핵산계 성분형,MSG와 결합해 감칠을 증폭시키는 핵산계 조미 성분. 핵산 계열의 감칠 성분으로 다른 감칠 재료와 함께 사용되어 풍미를 증폭시키는 재료,-,-,-,,,,,,,,,,,,
150.03,구아닐산나트륨,Disodium Guanylate,Umami,Pure Umami Booster,Umami,-,보강형/핵산계 성분형,직접 감칠을 강화하는 핵산계 조미 성분. 핵산 계열의 감칠 성분으로 다른 감칠 재료와 함께 사용되어 풍미를 강화하는 재료,-,-,-,,,,,,,,,,,,
200,산미,Acidity,Acid,Acid (산미),Acid,-,상위군,음식의 산도를 형성하여 맛의 균형과 선명도를 높이는 기본 맛 요소,-,-,-,,,,,,,,,,,,
210,식초,Acetic Acid,Acid,Acetic Acid (식초 산미),Acid,-,상위군,초산 기반 산미 전체,-,-,-,,,,,,,,,,,,
211,쌀식초,Rice Vinegar,Acid,Acetic Acid (식초 산미),Acid,-,기본형,쌀 발효 기반 식초로 부드러운 산미,-,-,-,,,,,,,,,,,,
212,사과식초,Apple Cider Vinegar,Acid,Acetic Acid (식초 산미),Acid+Fruit,-,과실형,사과 발효 식초,-,-,-,,,,,,,,,,,,
213,화이트식초,White Vinegar,Acid,Acetic Acid (식초 산미),Acid,-,정제형,정제된 강한 산미 식초,-,-,-,,,,,,,,,,,,
214,발사믹식초,Balsamic Vinegar,Acid,Acetic Acid (식초 산미),Acid+Sweet,Acid vs Sweet,숙성형,포도 기반 숙성 식초,-,-,-,,,,,,,,,,,,
214.01,발사믹 글레이즈,Balsamic Glaze,Acid,Acetic Acid (식초 산미),Acid+Sweet,Acid vs Sweet,농축형,발사믹 식초를 농축하여 단맛과 점도를 강화한 소스,-,-,-,,,,,,,,,,,,
215,흑식초,Black Vinegar,Acid,Acetic Acid (식초 산미),Acid+Umami,-,발효형,곡물 발효 기반 깊은 풍미 식초,-,-,-,,,,,,,,,,,,
216,산미 기반 가공 소스,Acid-Based Sauce,Acid,Acetic Acid (식초 산미),Acid+Complex,Acid vs Other,상위군,"식초 기반 산미에 다른 맛 요소(매운맛, 단맛 등)가 결합된 복합 조미소스",-,-,-,,,,,,,,,,,,
216.01,타바스코,Tabasco,Acid,Acetic Acid (식초 산미),Acid+Heat,Acid vs Heat,핫소스형,식초 기반 산미에 고추의 매운 자극이 결합된 대표적인 액상 핫소스,-,-,-,,,,,,,,,,,,
216.02,스리라차,Sriracha,Acid,Hot Chili Sauce,Heat+Acid,칠리소스 계열,산미 기반 매운맛,고추와 식초 기반의 점도 있는 핫소스,-,-,-,,,,,,,High,Medium,High,"마늘,설탕",유제품,후반
216.03,루이지애나 핫소스,Louisiana Hot Sauce,Acid,Vinegar Hot Sauce,Heat+Acid,식초 중심 핫소스,강한 산미,식초와 고추 기반의 묽은 미국식 핫소스,-,-,-,,,,,,,High,High,Medium,튀김류,크림소스,후반
216.04,버팔로소스,Buffalo Sauce,Acid,Butter Hot Sauce,Heat+Lipid,버터 혼합 핫소스,지방감 동반 매운맛,버터와 핫소스를 혼합한 미국식 소스,-,-,-,,,,,,,High,Medium,High,"치킨,버터",과한 산미,후반
216.05,페리페리소스,Peri-Peri Sauce,Acid,Chili Herb Sauce,Heat+Herb,허브 기반 칠리소스,허브성 매운맛,고추와 허브를 기반으로 한 아프리카 계열 매운 소스,-,-,-,,,,,,,High,High,Medium,"치킨,레몬",된장류,후반
220,구연산 계열 산미,Citric Acid Type,Acid,Citric Acid (구연산),Acid,-,상위군,구연산을 중심으로 한 산미로 밝고 선명하며 즉각적인 산미를 제공하는 계열,-,-,-,,,,,,,,,,,,
221,레몬,Lemon,Acid,Citric Acid (구연산),Acid,-,기본형,대표적인 구연산 기반 산미 재료로 밝고 선명한 산미 제공,-,-,-,,,,,,,,,,,,
222,라임,Lime,Acid,Citric Acid (구연산),Acid,-,강산형,레몬보다 더 강하고 날카로운 구연산 산미 제공,-,-,-,,,,,,,,,,,,
223,유자,Yuzu,Acid,Citric Acid (구연산),Acid+Aroma,-,향강화형,강한 향과 함께 구연산 산미를 제공하는 감귤류,-,-,-,,,,,,,,,,,,
224,오렌지,Orange,Acid,Citric Acid (구연산),Acid+Sweet,Acid vs Sweet,완화형,단맛과 함께 부드러운 구연산 산미 제공,-,-,-,,,,,,,,,,,,
225,자몽,Grapefruit,Acid,Citric Acid (구연산),Acid+Bitter,Acid vs Bitter,복합형,쓴맛과 산미가 결합된 감귤류 산미,-,-,-,,,,,,,,,,,,
226,구연산,Citric Acid,Acid,Citric Acid (구연산),Acid,-,정제형,구연산을 분리·정제한 형태로 직접적인 산미를 제공하는 재료,-,-,-,,,,,,,,,,,,
230,젖산 계열 산미,Lactic Acid Type,Acid,Lactic Acid (젖산),Acid,-,상위군,발효 과정에서 생성된 젖산을 중심으로 부드럽고 둥근 산미를 제공하는 계열,-,-,-,,,,,,,,,,,,
231,요거트,Yogurt,Acid,Lactic Acid (젖산),Acid+Creamy,Acid vs Fat,유제품형,유산균 발효로 생성된 젖산을 기반으로 부드럽고 크리미한 산미를 제공하는 대표적 재료,-,-,-,,,,,,,,,,,,
232,치즈,Cheese,Acid,Lactic Acid (젖산),Acid+Fat,Acid vs Fat,유제품형,유산균 발효로 생성된 젖산과 지방이 결합되어 부드럽고 깊은 산미와 풍미를 제공하는 발효 유제품,-,-,-,,,,,,,,,,,,
233,발효 채소,Fermented Vegetables,Acid,Lactic Acid (젖산),Acid+Umami,-,발효형,채소 발효를 통해 생성된 젖산 기반 산미와 감칠맛을 동시에 제공하는 재료군,-,-,-,,,,,,,,,,,,
233.01,김치,Kimchi,Acid,Lactic Acid (젖산),Acid+Umami,-,대표형,발효 채소로서 산미와 감칠맛을 동시에 제공하며 요리에 기능적으로 사용 가능한 재료,-,-,-,,,,,,,,,,,,
233.02,케이퍼,Capers,Ingredient,발효 채소,Aroma+Acid+Salt,식초절임 vs 발효 혼재,절임 채소형 산미 보정 재료,"미개화 꽃봉오리를 소금 또는 식초에 절여 만든 식재료로, 강한 산미와 염도를 통해 음식의 풍미를 선명하게 조정하는 역할을 한다.",N,Y,-,75,60,중,"생선, 샐러드, 크림소스, 올리브오일 요리","강한 단맛 디저트, 과한 발효 식품",마무리 / 토핑 / 후반 투입,,,,,,
234,기타 젖산 재료,Other Lactic Ingredients,Acid,Lactic Acid (젖산),Acid+Varies,-,기타형,"유산 발효 기반이지만 특정 카테고리(요거트, 치즈, 발효채소)에 명확히 속하지 않는 젖산 재료군",-,-,-,,,,,,,,,,,,
234.01,사워크림,Sour Cream,Acid,Lactic Acid (젖산),Acid+Fat,Acid vs Fat,유제품형,유산 발효로 생성된 젖산 기반의 부드럽고 지방감 있는 산미 재료,-,-,-,,,,,,,,,,,,
234.02,버터밀크,Buttermilk,Acid,Lactic Acid (젖산),Acid+Creamy,Acid vs Fat,유제품형,유산 발효로 생성된 젖산 기반의 묽은 유제품으로 부드러운 산미와 크리미한 질감을 제공,-,-,-,,,,,,,,,,,,
240,사과산/주석산 계열 산미,Malic / Tartaric Acid System,Acid,Acid,Acid,-,상위군,"과일 기반 유기산(사과산, 주석산 등)에 의해 형성되는 부드럽거나 드라이한 산미 계열",-,-,-,,,,,,,,,,,,
241,사과산 중심 산미,Malic Acid Dominant,Acid,Malic / Tartaric Acid System,Acid,-,소분류,부드럽고 둥글며 청량한 과일 산미를 형성하는 계열,-,-,-,,,,,,,,,,,,
241.01,사과,Apple,Acid,Malic Acid Dominant,Acid,-,대표 재료,사과산 기반의 부드럽고 깔끔한 산미를 제공하는 과일,-,-,-,,,,,,,,,,,,
241.02,배,Pear,Acid,Malic Acid Dominant,Acid,-,완만한 산미,사과보다 더 부드럽고 약한 산미를 가진 과일,-,-,-,,,,,,,,,,,,
242,주석산 중심 산미,Tartaric Acid Dominant,Acid,Malic / Tartaric Acid System,Acid,-,소분류,보다 날카롭고 드라이한 과일 산미를 형성하는 계열,-,-,-,,,,,,,,,,,,
242.01,포도,Grape,Acid,Tartaric Acid Dominant,Acid,-,대표 재료,주석산 기반으로 와인과 유사한 드라이한 산미를 형성,-,-,-,,,,,,,,,,,,
242.02,와인,Wine,Acid,Tartaric Acid Dominant,Acid,-,가공 산미,발효를 통해 주석산 기반 산미가 강조된 액체 형태의 산미 재료,-,-,-,,,,,,,,,,,,
243,복합 유기산 산미,Complex Organic Acid,Acid,Malic / Tartaric Acid System,Acid,복합 맛 존재,복합 산미,여러 유기산이 결합되어 입체적이고 깊은 산미를 형성하는 계열,-,-,-,,,,,,,,,,,,
243.01,오미자,Schisandra Berry,Acid,Complex Organic Acid,Acid,단맛/쓴맛/떫은맛 포함,다층 산미,"산미를 중심으로 단맛, 쓴맛, 떫은맛이 함께 존재하는 복합 기능성 열매",-,-,-,,,,,,,,,,,,
243.02,석류,Pomegranate,Acid,Complex Organic Acid,Acid,약한 단맛 동반,과실 복합 산미,과일 특유의 복합적인 산미와 단맛이 함께 존재하는 재료,-,-,-,,,,,,,,,,,,
243.03,타마린드,Tamarind,Acid,Complex Organic Acid,Acid,단맛 동반,강한 복합 산미,강한 산미와 단맛이 동시에 존재하는 농축형 과실 재료,-,-,-,,,,,,,,,,,,
250,분리 산미,Isolated Acid,Acid,Isolated Acid,Acid,-,중분류,산 성분을 분리해 직접 조정하는 산미 구조,-,-,-,,,,,,,,,,,,
250.01,구연산 분말,Citric Acid Powder,Acid,Isolated Acid,Acid,-,실제 재료,분리된 구연산 성분으로 산미 기능을 직접 조정하는 재료,-,-,-,,,,,,,,,,,,
250.02,주석산 분말,Tartaric Acid Powder,Acid,Isolated Acid,Acid,-,실제 재료,분리된 주석산 성분으로 산미 기능을 직접 조정하는 재료,-,-,-,,,,,,,,,,,,
250.03,사과산 분말,Malic Acid Powder,Acid,Isolated Acid,Acid,-,실제 재료,분리된 사과산 성분으로 산미 기능을 직접 조정하는 재료,-,-,-,,,,,,,,,,,,
250.04,젖산 분말,Lactic Acid Powder,Acid,Isolated Acid,Acid,-,실제 재료,분리된 젖산 성분으로 산미 기능을 직접 조정하는 재료,-,-,-,,,,,,,,,,,,
300,단맛,Sweet,Sweet,Sweet (단맛),Sweet,-,상위군,음식에 에너지감과 기호성을 더하며 다른 맛을 완화하고 균형을 조정하는 기본 맛 요소,-,-,-,,,,,,,,,,,,
310,당류,Sugars,Sweet,Sugar (당류),Sweet,-,상위군,단당류 및 이당류를 중심으로 직접적인 단맛을 제공하는 기본 당 성분 계열,-,-,-,,,,,,,,,,,,
310.00,설탕,Sugar,Sweetness,Basic Sugar,Sweet,대표 당류,기본 단맛,대표적인 단맛 조절 재료,-,-,-,,,,,,,High,Low,High,"과일,버터",강한 쓴맛,전반
311,백설탕,White Sugar,Sweet,Sugar (당류),Sweet,-,정제형,정제된 자당 형태로 가장 기본적이고 순수한 단맛을 제공하는 대표 당류,-,-,-,,,,,,,,,,,,
312,원당,Raw Sugar,Sweet,Sugar (당류),Sweet+Flavor,-,비정제형,정제 과정을 최소화하여 사탕수수의 풍미가 일부 남아있는 당류로 단맛과 함께 자연스러운 향을 제공,-,-,-,,,,,,,,,,,,
313,슈가파우더,Powdered Sugar,Sweet,Sugar (당류),Sweet,-,분말형,설탕을 곱게 분쇄한 형태로 빠르게 녹으며 부드러운 단맛을 제공하는 당류,-,-,-,,,,,,,,,,,,
314,흑당/흑설탕,Dark Sugar,Sweet,Sugar (당류),Sweet+Flavor,Sweet vs Flavor,농축형,당밀 함량으로 인해 진하고 깊은 단맛과 풍미를 제공하는 당류,-,-,-,,,,,,,,,,,,
320,시럽,Syrup,Sweet,Syrup (시럽),Sweet,-,상위군,액상 형태로 용해된 당류로 빠르게 단맛을 전달하고 혼합이 용이한 당 계열,-,-,-,,,,,,,,,,,,
321,물엿,Corn Syrup,Sweet,Syrup (시럽),Sweet,-,기본형,전분을 분해하여 만든 점성이 있는 시럽으로 단맛과 점도를 제공,-,-,-,,,,,,,,,,,,
322,올리고당,Oligosaccharide Syrup,Sweet,Syrup (시럽),Sweet,-,저당형,소화가 느리고 상대적으로 덜 단 단맛을 제공하는 시럽,-,-,-,,,,,,,,,,,,
323,카라멜시럽,Caramel Syrup,Sweet,Syrup (시럽),Sweet+Caramel,-,가열형,설탕을 가열하여 만든 시럽으로 쓴맛과 깊은 단맛을 동시에 제공,-,-,-,,,,,,,,,,,,
324,과일시럽,Fruit Syrup,Sweet,Syrup (시럽),Sweet+Acid,Acid vs Sweet,과일형,과일을 기반으로 만들어 단맛과 산미를 동시에 제공하는 시럽,-,-,-,,,,,,,,,,,,
324.01,케찹,Ketchup,Sweet,Syrup (시럽),Sweet+Acid,Acid vs Sweet,소스형,토마토를 기반으로 단맛과 산미가 결합된 대표적인 조미 소스,-,-,-,,,,,,,,,,,,
325,흑당시럽,Brown Sugar Syrup,Sweet,Syrup (시럽),Sweet,-,액상형,흑당을 녹여 만든 액상 감미료로 진한 캐러멜 풍미 제공,-,-,-,,,,,,,,,,,,
326,요리용 발효 시럽,Cooking Fermented Syrup,Ingredient,시럽 (발효형),Sweet+Aroma,조미료 vs 술 경계,알코올 기반 단맛 보정 재료,"당분과 알코올을 포함한 발효 액상으로, 요리에서 단맛을 부드럽게 보정하고 잡내를 제거하며 풍미를 확산시키는 역할을 한다.",N,Y,-,50,70,중,"고기, 생선, 간장, 마늘, 생강","강한 산미(식초 과다), 디저트 조합",중반 투입 / 가열 전 단계,,,,,,
326.01,맛술,Cooking Wine (Mirin-type),Ingredient,요리용 발효 시럽,Sweet+Aroma+Deodorize,미림/청주와 혼동,잡내 제거 + 단맛 보정 대표 재료,"쌀 또는 당류를 발효시켜 만든 요리용 조미액으로, 단맛과 알코올을 통해 재료의 잡내를 제거하고 맛을 부드럽게 정리하는 데 사용된다.",N,Y,-,55,75,중,"육류, 생선, 간장 베이스 요리","과한 단맛 요리, 디저트",초반 또는 중반 투입 (가열 필수),,,,,,
326.02,미림,Mirin,Sweetness,Cooking Rice Wine,Sweet+Umami,맛술과 실제 behavior차이 존재,발효 단향,단맛과 발효향을 가진 일본식 조리용 술,-,-,-,,,,,,,Medium,Medium,Medium,"간장,생강",강한 산미,중반
326.03,청주,Cheongju,Sweetness,Cooking Rice Wine,Alcoholic Aroma,조리 기능 중심 발효액. Sweet 축 내 임시 배치 상태,잡내 제거용 향,조리 시 잡내 제거와 향 조절에 사용되는 곡물 발효주,-,-,-,,,,,,,Low,High,Medium,"생강,대파",강한 단맛,초반
330,천연 감미,Natural Sweetener,Sweet,Natural Sweetener (천연 감미),Sweet,-,상위군,자연 원료에서 직접 추출되거나 가공된 감미료로 단맛과 함께 고유의 풍미를 제공,-,-,-,,,,,,,,,,,,
331,꿀,Honey,Sweet,Natural Sweetener (천연 감미),Sweet,-,동물성,벌이 꽃의 꿀을 채집하여 만든 천연 감미료로 풍부한 향과 점도를 가짐,-,-,-,,,,,,,,,,,,
332,메이플시럽,Maple Syrup,Sweet,Natural Sweetener (천연 감미),Sweet,-,수액,단풍나무 수액을 농축하여 만든 천연 감미료로 깊고 부드러운 단맛을 제공,-,-,-,,,,,,,,,,,,
333,아가베시럽,Agave Syrup,Sweet,Natural Sweetener (천연 감미),Sweet,-,식물추출,아가베 식물에서 추출한 천연 감미료로 깔끔하고 부드러운 단맛을 제공,-,-,-,,,,,,,,,,,,
334,코코넛 슈가,Coconut Sugar,Sweet,Natural Sweetener (천연 감미),Sweet,-,식물유래,코코넛 꽃 수액을 건조시켜 만든 감미료로 캐러멜과 유사한 풍미를 가짐,-,-,-,,,,,,,,,,,,
335,대추 시럽,Date Syrup,Sweet,Natural Sweetener (천연 감미),Sweet,-,과일유래,대추를 농축하여 만든 천연 감미료로 진하고 깊은 과일 단맛을 제공,-,-,-,,,,,,,,,,,,
340,과일 기반 단맛,Fruit-Based Sweetness,Sweet,Fruit Sweetness (과일 기반 단맛),Sweet,-,상위군,과일 자체 또는 과일 농축물에서 오는 단맛으로 산미와 향을 함께 동반하는 감미 계열,-,-,-,,,,,,,,,,,,
341,신선 과일,Fresh Fruit,Sweet,Fruit Sweetness (과일 기반 단맛),Sweet,-,비가공,가공되지 않은 신선한 과일에서 자연적으로 발생하는 단맛,-,-,-,,,,,,,,,,,,
342,건과일,Dried Fruit,Sweet,Fruit Sweetness (과일 기반 단맛),Sweet,-,수분제거,수분이 제거되어 단맛이 농축된 과일 형태,-,-,-,,,,,,,,,,,,
343,과일 퓨레,Fruit Puree,Sweet,Fruit Sweetness (과일 기반 단맛),Sweet,-,분쇄형,과일을 갈아 만든 반액상 형태로 단맛과 질감을 함께 제공,-,-,-,,,,,,,,,,,,
344,과일 농축액,Fruit Concentrate,Sweet,Fruit Sweetness (과일 기반 단맛),Sweet,-,농축형,수분을 제거하여 단맛이 강화된 과일 추출물,-,-,-,,,,,,,,,,,,
344.01,매실청,Plum Extract Syrup,Sweet,Fruit Concentrate,Sweet+Acid,단맛/산미 복합,과실 농축 조미액,매실을 당과 함께 숙성 또는 농축하여 만든 액상 조미 재료로 단맛과 산미를 함께 제공하며 잡내 완화와 풍미 균형 조정에 사용된다.,,,,,,,,,,,,,,,
345,과일 주스,Fruit Juice,Sweet,Fruit Sweetness (과일 기반 단맛),Sweet,-,액상형,과일을 압착하여 얻은 액상으로 단맛과 산미를 함께 제공,-,-,-,,,,,,,,,,,,
346,과일 잼/프리저브,Fruit Jam / Preserve,Sweet,Fruit Sweetness (과일 기반 단맛),Sweet,-,가공형,과일에 당을 추가하여 조리한 형태로 농축된 단맛과 점도를 가짐,-,-,-,,,,,,,,,,,,
347,과일 소스,Fruit Sauce,Sweet,Fruit Sweetness (과일 기반 단맛),Sweet,-,조리형,과일을 기반으로 조리하여 만든 소스로 단맛과 향을 강화한 형태,-,-,-,,,,,,,,,,,,
350,대체 감미료,Alternative Sweetener,Sweet,Alternative Sweetener (대체 감미료),Sweet,-,상위군,설탕을 대체하여 단맛을 제공하는 감미료로 저칼로리 또는 기능성 목적에 사용됨,-,-,-,,,,,,,,,,,,
351,인공 감미료,Artificial Sweetener,Sweet,Alternative Sweetener (대체 감미료),Sweet,-,합성,화학적으로 합성된 감미료로 매우 강한 단맛과 낮은 칼로리를 가짐,-,-,-,,,,,,,,,,,,
351.01,아스파탐,Aspartame,Sweet,Alternative Sweetener (대체 감미료),Sweet,-,합성,대표적인 인공 감미료로 설탕 대비 높은 단맛과 낮은 칼로리를 가짐,-,-,-,,,,,,,,,,,,
351.02,수크랄로스,Sucralose,Sweet,Alternative Sweetener (대체 감미료),Sweet,-,합성,설탕을 기반으로 변형된 인공 감미료로 열에 안정적이고 강한 단맛을 가짐,-,-,-,,,,,,,,,,,,
352,천연 대체 감미료,Natural Alternative Sweetener,Sweet,Alternative Sweetener (대체 감미료),Sweet,-,천연유래,자연 유래 성분에서 추출된 대체 감미료로 비교적 자연스러운 단맛을 제공,-,-,-,,,,,,,,,,,,
352.01,스테비아,Stevia,Sweet,Alternative Sweetener (대체 감미료),Sweet,-,천연유래,식물 유래 성분에서 추출한 대체 감미료로 강한 단맛과 낮은 칼로리를 제공,-,-,-,,,,,,,,,,,,
353,당알코올,Sugar Alcohol,Sweet,Alternative Sweetener (대체 감미료),Sweet,-,저칼로리,"자일리톨, 에리스리톨 등 당과 알코올의 중간 성질을 가진 감미료",-,-,-,,,,,,,,,,,,
353.01,자일리톨,Xylitol,Sweet,Alternative Sweetener (대체 감미료),Sweet,-,저칼로리,청량감이 강하고 충치 억제 기능으로 잘 알려진 당알코올,-,-,-,,,,,,,,,,,,
353.02,에리스리톨,Erythritol,Sweet,Alternative Sweetener (대체 감미료),Sweet,-,저칼로리,칼로리가 거의 없고 깔끔한 단맛을 가지는 당알코올,-,-,-,,,,,,,,,,,,
354,고강도 감미료,High-Intensity Sweetener,Sweet,Alternative Sweetener (대체 감미료),Sweet,-,고농축,소량으로 강한 단맛을 내는 감미료로 설탕 대비 수십~수백 배 단맛을 가짐,-,-,-,,,,,,,,,,,,
355,기능성 감미료,Functional Sweetener,Sweet,Alternative Sweetener (대체 감미료),Sweet,-,건강기능,"혈당 조절, 저GI 등 특정 기능을 가진 감미료 계열",-,-,-,,,,,,,,,,,,
400,쓴맛,Bitter,Bitter,Bitter (쓴맛),Bitter,-,상위군,혀에서 불쾌 또는 자극적으로 느껴질 수 있으나 맛의 균형과 깊이를 형성하는 기본 맛 요소,-,-,-,STATUS = HOLD / RESEARCH,,,,,,,,,,,
410,원재료 쓴맛,Ingredient Bitter,Bitter,Bitter (쓴맛),Bitter,-,상위군,재료 자체에 포함된 성분으로 인해 발생하는 쓴맛 계열,-,-,-,,,,,,,,,,,,
411,카페인 쓴맛,Caffeine Bitter,Bitter,Ingredient Bitter (원재료 쓴맛),Bitter,-,알칼로이드,"커피, 차 등에 포함된 카페인에서 발생하는 쓴맛",-,-,-,,,,,,,,,,,,
412,폴리페놀 쓴맛,Polyphenol Bitter,Bitter,Ingredient Bitter (원재료 쓴맛),Bitter,-,폴리페놀,"초콜릿, 차, 와인 등에서 나타나는 떫고 쓴 성질의 맛",-,-,-,,,,,,,,,,,,
413,채소 쓴맛,Vegetable Bitter,Bitter,Ingredient Bitter (원재료 쓴맛),Bitter,-,식물유래,"케일, 치커리 등 식물성 재료에서 자연적으로 발생하는 쓴맛",-,-,-,,,,,,,,,,,,
420,가공 쓴맛,Processed Bitter,Bitter,Bitter (쓴맛),Bitter,-,상위군,조리 또는 가공 과정에서 생성되거나 강화되는 쓴맛 계열,-,-,-,,,,,,,,,,,,
421,가열 쓴맛,Heat-Induced Bitter,Bitter,Processed Bitter (가공 쓴맛),Bitter,-,가열형,과도한 가열이나 탄화로 인해 발생하는 쓴맛,-,-,-,,,,,,,,,,,,
422,농축 쓴맛,Concentrated Bitter,Bitter,Processed Bitter (가공 쓴맛),Bitter,-,농축형,재료를 농축하면서 상대적으로 강조되는 쓴맛,-,-,-,,,,,,,,,,,,
423,추출 쓴맛,Extracted Bitter,Bitter,Processed Bitter (가공 쓴맛),Bitter,-,추출형,"과도한 추출로 인해 발생하는 쓴맛 (커피, 차 등)",-,-,-,,,,,,,,,,,,
500,매운맛 / 자극,Heat,Heat,Heat (매운맛 / 자극),Heat,-,상위군,혀와 입안에 물리적 자극을 주어 매운맛과 열감을 느끼게 하는 재료군,-,-,-,,,,,,,,,,,,
510,캡사이신 자극,Capsaicin Heat,Heat,Heat (매운맛 / 자극),Heat,-,상위군,고추류의 캡사이신 성분에서 발생하는 대표적인 매운 자극 계열,-,-,-,,,,,,,,,,,,
511,생고추,Fresh Chili,Heat,Capsaicin Heat (캡사이신 자극),Heat,-,신선형,생고추에서 오는 직접적이고 신선한 캡사이신 자극을 제공하는 재료,-,-,-,,,,,,,,,,,,
512,건고추,Dried Chili,Heat,Capsaicin Heat (캡사이신 자극),Heat,-,건조형,건조 과정을 거쳐 풍미와 자극이 농축된 고추 재료,-,-,-,,,,,,,,,,,,
512.01,페퍼론치노,Peperoncino,Heat,Capsaicin Heat (캡사이신 자극),Heat+Aroma,-,건조 고추형,"이탈리아 요리에서 자주 사용되는 건조 고추 재료로, 매운 자극과 함께 건조 고추 특유의 향을 제공한다.",,,,,Primary Function,,,,,,,,,,
513,고추 분말,Chili Powder,Heat,Capsaicin Heat (캡사이신 자극),Heat,-,분말형,건고추를 분쇄하여 만든 형태로 매운맛을 빠르게 분산시키는 재료,-,-,-,,Secondary Function 추후 기능 분리,,,,,,,,,,
513.01,고춧가루,Chili Powder,Heat,Capsaicin Heat (캡사이신 매운맛),Heat,,분말형,분말 형태로 직접 조절이 쉬운 대표적인 고추형 매운 재료,,,,,,,,,,,,,,,
513.02,케이엔페퍼,Cayenne Pepper,Heat,Capsaicin Heat (캡사이신 매운맛),Heat,,고강도 분말형,향보다 직접적인 매운 자극 비중이 큰 고강도 고추 분말,,,,,,,,,,,,,,,
513.03,베트남 매운 고춧가루,Vietnamese Hot Chili Powder,Heat,Capsaicin Heat (캡사이신 매운맛),Heat,,초강도 분말형,매우 직접적이고 강한 캡사이신 자극을 가진 고추 분말,,,,,,,,,,,,,,,
513.04,파프리카가루,Paprika Powder,Heat,Capsaicin Heat (캡사이신 매운맛),Heat,,저자극 분말형 / Secondary: Aroma,"고추 기반의 분말 재료로 강한 매운맛보다는 색과 부드러운 향, 약한 자극을 제공한다",,,,,,,,,,,,,,,
514,칠리페이스트,Chili Paste,Heat,Capsaicin Heat (캡사이신 자극),Heat+Umami,Heat vs Umami,페이스트형,고추를 갈아 만든 형태로 매운맛과 함께 점도와 풍미를 제공하는 재료,-,-,-,,,,,,,,,,,,
514.01,불닭소스,Buldak Sauce,Heat,칠리페이스트,캡사이신 자극,낮음,삼양 불닭 계열 제품,"고추 추출물 기반의 강한 매운맛과 감칠맛, 단맛이 결합된 한국식 매운 소스. 볶음, 디핑, 비빔 등에 사용됨.",,TRUE,RULE_51401,95,65,88,"치즈,마요네즈,닭고기,라면,계란",과도한 산미 재료,마감 / 코팅 / 비빔,,,,,,
520,피페린 자극,Piperine Heat,Heat,Heat (매운맛 / 자극),Heat,-,상위군,후추류에서 발생하는 따끔하고 지속적인 매운 자극 계열,-,-,-,,,,,,,,,,,,
521,후추,Pepper,Heat,Piperine Heat (피페린 자극),Heat+Aroma,통후추/가루후추 형태 차이 있음,분쇄도는 form/state에서 처리,"후추나무 열매를 건조한 향신성 자극 재료로, 피페린 기반의 매운 자극과 향을 제공한다.",N,Y,-,state system 보완,,,,,,,,,,,
522,화이트페퍼,White Pepper,Heat,Piperine Heat (피페린 자극),Heat,-,종류,껍질을 제거한 후추로 보다 날카롭고 직선적인 자극을 제공,-,-,-,,,,,,,,,,,,
523,그린페퍼,Green Pepper,Heat,Piperine Heat (피페린 자극),Heat,-,종류,덜 익은 후추로 신선하고 부드러운 자극과 향을 제공,-,-,-,,,,,,,,,,,,
530,진저롤 자극,Gingerol Heat,Heat,Heat (매운맛 / 자극),Heat,-,상위군,생강 계열에서 발생하는 따뜻하고 퍼지는 매운 자극,-,-,-,,,,,,,,,,,,
531,생강,Fresh Ginger,Heat,Gingerol Heat (진저롤 자극),Heat,-,신선형,생강 고유의 진저롤 성분으로 따뜻하고 부드러운 자극을 제공,-,-,-,,,,,,,,,,,,
532,건생강,Dried Ginger,Heat,Gingerol Heat (진저롤 자극),Heat,-,건조형,건조 과정에서 쇼가올 성분으로 변하며 더 강한 자극을 가지는 생강,-,-,-,,,,,,,,,,,,
533,생강가루,Ginger Powder,Heat,Gingerol Heat (진저롤 자극),Heat,-,분말형,생강을 분쇄하여 빠르게 퍼지는 자극을 제공하는 형태,-,-,-,,,,,,,,,,,,
534,생강페이스트,Ginger Paste,Heat,Gingerol Heat (진저롤 자극),Heat,-,페이스트형,생강을 갈아 만든 형태로 향과 자극을 동시에 제공,-,-,-,,,,,,,,,,,,
535,갈랑갈,Galangal,Heat,Gingerol Heat (진저롤 자극),Heat,-,뿌리형,생강과 유사한 계열로 따뜻하고 향이 강한 자극을 제공하는 뿌리 향신료,-,-,-,,,,,,,,,,,,
540,겨자 자극,Mustard Heat,Heat,Heat (매운맛 / 자극),Heat,-,상위군,코를 찌르는 듯한 휘발성 자극을 주는 겨자 계열 매운맛,-,-,-,,,,,,,,,,,,
541,겨자씨,Mustard Seed,Heat,Mustard Heat (겨자 자극),Heat,-,원형,겨자 식물의 씨앗으로 씹거나 분쇄 시 자극 성분이 활성화됨,-,-,-,,,,,,,,,,,,
542,머스타드,Mustard Sauce,Heat,Mustard Heat (겨자 자극),Heat+Acid,Heat vs Acid,소스형,겨자씨를 갈아 식초 등과 혼합한 형태로 자극과 산미를 동시에 제공,-,-,-,,,,,,,,,,,,
543,와사비,Wasabi,Heat,Mustard Heat (겨자 자극),Heat,-,페이스트형,강한 휘발성 자극으로 코를 찌르는 매운맛을 제공하는 재료,-,-,-,,,,,,,,,,,,
544,홀스래디시,Horseradish,Heat,Mustard Heat (겨자 자극),Heat,-,뿌리형,갈아서 사용할 때 강한 휘발성 자극을 내는 뿌리 재료,-,-,-,,,,,,,,,,,,
550,마비 자극,Tingling Heat,Heat,Heat (매운맛 / 자극),Heat,-,상위군,혀와 입안에 얼얼하고 저린 감각을 주는 자극 계열,-,-,-,,,,,,,,,,,,
551,화자오 / 산초,Sichuan Pepper / Sansho,Heat,Tingling Heat (마비 자극),Heat,-,향신료형,혀를 얼얼하게 만드는 대표적인 마비 자극 재료로 향과 자극을 동시에 제공,-,-,-,,,,,,,,,,,,
552,산쇼,Sansho,Heat,Tingling Heat (마비 자극),Heat,-,향신료형,일본 계열 산초로 상쾌한 향과 저린 자극을 함께 제공,-,-,-,,,,,,,,,,,,
553,화자오 오일,Sichuan Pepper Oil,Heat,Tingling Heat (마비 자극),Heat,-,오일형,화자오의 마비 성분을 오일에 추출한 형태로 빠르게 자극을 퍼뜨리는 재료,-,-,-,,,,,,,,,,,,
554,산초가루,Ground Sichuan Pepper,Heat,Tingling Heat (마비 자극),Heat,-,분말형,산초/화자오를 분쇄하여 전체적으로 균일한 마비 자극을 제공하는 형태,-,-,-,,,,,,,,,,,,
600,허브/향채,Herb & Aromatic,Herb & Aromatic,Herb & Aromatic,Aroma,-,상위군,"잎, 줄기, 채소 등에서 향을 제공하거나 향의 베이스를 형성하는 재료 계열로, 요리에 방향성과 첫 인상을 부여함",-,-,-,,,,,,,,,,,,
610,연한 잎 허브,Soft Leaf Herb,Herb & Aromatic,Herb (잎 허브),Aroma,-,하위군,부드러운 잎을 사용하는 허브로 신선하고 가벼운 향을 제공하며 생사용 또는 마무리 향에 주로 사용됨,-,-,-,,,,,,,,,,,,
610.01,파슬리,Parsley,Herb & Aromatic,Soft Leaf Herb,Aroma,-,청량 허브,상큼하고 신선한 풀향을 제공하는 대표적인 잎 허브로 가니시 및 향 보강에 사용됨,-,-,-,,,,,,,,,,,,
610.02,바질,Basil,Herb & Aromatic,Soft Leaf Herb,Aroma,-,달콤한 허브향,"달콤하고 상쾌한 향을 가진 대표적인 잎 허브로 토마토 요리, 샐러드, 페스토에 사용됨",-,-,-,,,,,,,,,,,,
610.03,고수,Cilantro,Herb & Aromatic,Soft Leaf Herb,Aroma,호불호 강함,강한 개성향,상큼하고 비누향/시트러스향으로 인식될 수 있는 강한 개성의 잎 허브로 아시아·중남미 요리에 사용됨,-,-,-,,,,,,,,,,,,
610.04,민트,Mint,Herb & Aromatic,Soft Leaf Herb,Aroma,-,청량 허브,"시원하고 청량한 향을 가진 잎 허브로 음료, 디저트, 샐러드 및 향 보강에 사용됨",-,-,-,,,,,,,,,,,,
610.05,딜,Dill,Herb & Aromatic,Soft Leaf Herb,Aroma,-,청량 허브,"상큼하고 청량한 풀향과 약간의 아니스 계열 향을 가진 잎 허브로 생선, 샐러드에 주로 사용됨",-,-,-,,,,,,,,,,,,
610.06,차이브,Chives,Herb & Aromatic,Soft Leaf Herb,Aroma,-,은은한 파향,가늘고 부드러운 잎으로 은은한 양파·파 향을 제공하며 생으로 마무리 향에 주로 사용됨,-,-,-,,,,,,,,,,,,
610.07,타라곤,Tarragon,Herb & Aromatic,Soft Leaf Herb,Aroma,-,아니스 향 허브,"아니스(감초) 계열의 달콤하고 은은한 향을 가진 잎 허브로 생선, 닭, 소스에 사용됨",-,-,-,,,,,,,,,,,,
610.08,처빌,Chervil,Herb & Aromatic,Soft Leaf Herb,Aroma,-,은은한 아니스 향,"파슬리와 유사하나 아니스 계열의 은은한 달콤한 향을 가진 부드러운 잎 허브로 샐러드, 소스에 사용됨",-,-,-,,,,,,,,,,,,
610.09,보리지,Borage,Herb & Aromatic,Soft Leaf Herb,Aroma,-,오이향 허브,"잎과 꽃에서 오이와 유사한 상큼한 향을 제공하는 부드러운 허브로 샐러드, 음료, 가니시에 사용됨",-,-,-,,,,,,,,,,,,
610.10,라벤더,Lavender,Herb,Edible Flower Herb,Aroma,-,플로럴 향,달콤하고 부드러운 꽃향을 중심으로 향을 부여하는 허브로 디저트 및 음료에 사용됨,-,-,-,,,,,,,,,,,,
610.11,히비스커스,Hibiscus,Herb,Edible Flower Herb,Aroma+Acid,-,산미 꽃향,산미와 꽃향을 동시에 제공하는 식용 꽃 허브로 차 및 요리에 사용됨,-,-,-,,,,,,,,,,,,
610.12,장미,Rose,Herb,Edible Flower Herb,Aroma,-,플로럴 향,강한 꽃향과 은은한 단향을 가진 대표적인 식용 꽃 허브로 디저트와 음료에 사용됨,-,-,-,,,,,,,,,,,,
610.13,네스티리움,Nasturtium,Herb,Edible Flower Herb,Aroma+Heat,-,매운 꽃향,꽃과 잎에서 머스타드 계열의 매운 향과 신선한 향을 동시에 제공하는 식용 꽃 허브,-,-,-,,,,,,,,,,,,
620,목질/강한 허브 향,Woody / Strong Herb,Aroma & Herb,Herb,Aroma,-,상위군,목질감과 강한 허브향을 가지며 주로 육류·스튜·오일 베이스에 사용되는 허브 계열,-,-,-,,,,,,,,,,,,
621,송진/수목향 허브,Resinous / Piney Herb,Aroma & Herb,Woody Herb,Aroma,-,소분류,"숲, 소나무, 송진 느낌의 날카롭고 직선적인 허브향 계열",-,-,-,,,,,,,,,,,,
621.01,로즈마리,Rosemary,Aroma & Herb,Resinous / Piney Herb,Aroma,-,대표 재료,"강한 송진향과 직선적인 허브향을 가지며 육류, 오일, 로스팅 요리에 적합",-,-,-,,,,,,,,,,,,
621.02,솔잎,Pine Needle,Aroma & Herb,Resinous / Piney Herb,Aroma,-,수지향,"소나무 특유의 청량하고 수지감 있는 향으로 차, 향첨가, 훈연 등에 활용",-,-,-,,,,,,,,,,,,
622,드라이/세이보리 허브,Dry / Savory Herb,Aroma & Herb,Woody Herb,Aroma,-,소분류,건조하고 깊은 허브향으로 요리의 베이스 향을 형성하는 안정적인 허브 계열,-,-,-,,,,,,,,,,,,
622.01,타임,Thyme,Aroma & Herb,Dry / Savory Herb,Aroma,-,대표 재료,"드라이하고 깊은 허브향으로 육류, 스튜, 소스에 베이스 향으로 사용됨",-,-,-,,,,,,,,,,,,
622.02,세이지,Sage,Aroma & Herb,Dry / Savory Herb,Aroma,-,강한 허브향,묵직하고 드라이한 허브향으로 지방과 잘 어울림,-,-,-,,,,,,,,,,,,
622.03,월계수잎,Bay Leaf,Aroma & Herb,Dry / Savory Herb,Aroma,-,우림향,오랜 시간 끓이면서 은은하게 베이스 향을 형성하는 허브,-,-,-,,,,,,,,,,,,
623,따뜻한 우디 허브,Warm Woody Herb,Aroma & Herb,Woody Herb,Aroma,-,소분류,부드럽고 약간 달큰한 허브향으로 블렌딩에 유리한 허브 계열,-,-,-,,,,,,,,,,,,
623.01,오레가노,Oregano,Aroma & Herb,Warm Woody Herb,Aroma,-,지중해 허브,따뜻하고 약간 쌉쌀한 허브향으로 토마토 기반 요리에 적합,-,-,-,,,,,,,,,,,,
623.02,마조람,Marjoram,Aroma & Herb,Warm Woody Herb,Aroma,-,부드러운 허브향,오레가노보다 부드럽고 달큰한 향을 가진 허브,-,-,-,,,,,,,,,,,,
630,향채 채소,Aromatic Vegetable,Herb & Aromatic,Aromatic Vegetable,Aroma,-,상위군,향을 내는 채소형 재료군,-,-,-,,,,,,,,,,,,
631,구근/쪽 향채,Bulb / Clove Aromatic,Herb & Aromatic,Aromatic Vegetable,Aroma,-,하위군,구근이나 쪽 형태를 중심으로 사용하는 향채 채소군,-,-,-,,,,,,,,,,,,
631.01,양파,Onion,Herb & Aromatic,Bulb / Clove Aromatic,Aroma,-,기본형,단맛과 황화합물 향을 함께 제공하는 대표 구근 향채 채소,-,-,-,,,,,,,,,,,,
631.01.01,양파분말,Onion Powder,Herb & Aromatic,Powdered Aromatic,Aroma,state / alias,건조 향채,건조 양파를 분말화한 향미 보강 재료,-,-,-,,,,,,,Medium,Medium,Medium,"마늘,버터",강한 산미,중반
631.02,마늘,Garlic,Herb & Aromatic,Bulb / Clove Aromatic,Aroma,향채 베이스 + 자극 성분 동반,자극성 향,강한 황화합물 향과 자극감을 가진 대표 쪽 향채 채소,-,-,-,state_minced,,,,,,High,High,High,"고기,기름",유제품,전반
631.02.01,마늘분말,Garlic Powder,Herb & Aromatic,Powdered Aromatic,Aroma,modifier engine,aliasMap 처리 O,건조 마늘을 분말화한 향미 강화 재료,-,-,-,,,,,,,Medium,Medium,Medium,"육류,버터",강한 산미,중반
631.02.02,다진마늘,Minced Garlic,Herb & Aromatic,Processed Aromatic,Aroma,마늘의 상태 표현,즉각적 향 발산,잘게 분쇄되어 빠르게 향을 내는 마늘 상태,-,-,-,,,,,,,High,High,High,"고추,기름",유제품,초반
631.02.03,구운마늘,Roasted Garlic,Herb & Aromatic,Roasted Aromatic,Aroma+Sweet,마늘의 상태 표현,구운 단향,가열로 단맛과 깊은 풍미가 강화된 마늘,-,-,-,,,,,,,Medium,Low,Medium,"버터,치즈",강한 산미,후반
631.03,샬롯,Shallot,Herb & Aromatic,Bulb / Clove Aromatic,Aroma,-,섬세한 알리움향,양파보다 섬세하고 은은한 향을 내는 소형 구근 향채 채소,-,-,-,,,,,,,,,,,,
632,잎/파형 향채,Leaf / Scallion Aromatic,Herb & Aromatic,Aromatic Vegetable,Aroma,-,하위군,잎이나 파형 줄기를 중심으로 사용하는 향채 채소군,-,-,-,,,,,,,,,,,,
632.01,대파,Green Onion,Herb & Aromatic,Leaf / Scallion Aromatic,Aroma,-,파향,익히면 단맛과 향을 내고 생으로는 알싸한 파향을 주는 향채 채소,-,-,-,,,,,,,,,,,,
632.02,쪽파,Chive Onion,Herb & Aromatic,Leaf / Scallion Aromatic,Aroma,-,은은한 파향,가늘고 부드러운 파향을 가진 향채 채소,-,-,-,,,,,,,,,,,,
632.03,부추,Garlic Chives,Herb & Aromatic,Leaf / Scallion Aromatic,Aroma,-,마늘향 계열,잎채소 형태지만 마늘 계열의 향을 가진 향채 채소,-,-,-,,,,,,,,,,,,
632.04,달래,Wild Chive,Herb & Aromatic,Leaf / Scallion Aromatic,Aroma,-,마늘향 계열,은은한 마늘향과 알싸한 향을 가진 향채 채소로 주로 생으로 사용됨,-,-,-,,,,,,,,,,,,
633,줄기형 향채,Stalk Aromatic,Herb & Aromatic,Aromatic Vegetable,Aroma,-,하위군,줄기나 잎자루의 향을 중심으로 사용하는 향채 채소군,-,-,-,,,,,,,,,,,,
633.01,셀러리,Celery,Herb & Aromatic,Stalk Aromatic,Aroma,-,청량한 초록향,서양식 베이스 향을 내는 대표 줄기형 향채 채소,-,-,-,,,,,,,,,,,,
633.02,미나리,Water Dropwort,Herb & Aromatic,Stalk Aromatic,Aroma,-,청량한 초록향,"수분감 있고 청량한 초록향을 가진 줄기 중심 향채 채소로 생식 및 무침, 탕에 활용됨",-,-,-,,,,,,,,,,,,
634,잎채소형 향채,Leafy Aromatic Green,Herb & Aromatic,Aromatic Vegetable,Aroma,-,하위군,잎 자체의 향과 쌉쌀한 인상을 함께 주는 향채 채소군,-,-,-,,,,,,,,,,,,
634.01,아루굴라,Arugula,Herb & Aromatic,Leafy Aromatic Green,Aroma,-,후추향 잎채소,가벼운 쌉쌀함과 후추 같은 향을 가진 잎채소형 향채,-,-,-,,,,,,,,,,,,
634.02,크레송,Watercress,Herb & Aromatic,Leafy Aromatic Green,Aroma,-,청량한 쌉싸름함,물향과 쌉싸름한 초록향을 가진 잎채소형 향채,-,-,-,,,,,,,,,,,,
634.03,쑥갓,Garland Chrysanthemum,Herb & Aromatic,Leafy Aromatic Green,Aroma,-,쌉싸름한 초록향,"특유의 진한 초록향과 은은한 쌉싸름함을 가진 잎채소형 향채로 국물, 전골, 무침 등에 활용됨",-,-,-,,,,,,,,,,,,
640,뿌리/리좀 향채,Root / Rhizome Aromatic,Herb & Aromatic,Aromatic Root / Rhizome,Aroma,-,"하위군. “강한 향을 가지지만, 자극(heat)이나 향신(spice)보다
조리 베이스 향채로 쓰이는 뿌리/줄기 계열”","뿌리나 리좀에서 향을 추출하는 재료군으로, 따뜻하고 깊은 향을 제공하며 건조·분말 형태로도 사용됨",-,-,-,,,,,,,,,,,,
640.01,레몬그라스,Lemongrass,Herb & Aromatic,Aromatic Root / Rhizome,Aroma,-,시트러스 향,상큼한 레몬 계열 향을 제공하는 향재로 동남아 요리 및 차에 사용됨,-,-,-,,,,,,,,,,,,
640.02,마늘종,Garlic Scape,Herb & Aromatic,Aromatic Root / Rhizome,Aroma,-,부드러운 마늘향,마늘의 줄기 부분으로 부드러운 마늘향을 제공하며 볶음 등에 사용됨,-,-,-,,,,,,,,,,,,
640.03,핑거루트,Fingerroot,Herb & Aromatic,Aromatic Root / Rhizome,Aroma,-,이국적 뿌리향,생강과 유사하지만 더 가볍고 향긋한 이국적인 향을 가진 뿌리 재료,-,-,-,,,,,,,,,,,,
640.04,캄퍼루트,Camphor Root,Herb & Aromatic,Aromatic Root / Rhizome,Aroma,-,캄퍼 향,특유의 시원하고 강한 향을 가진 뿌리 재료로 일부 전통 요리에 사용됨,-,-,-,,,,,,,,,,,,
700,향신료,Spice,Spice,Spice,Aroma,-,상위군,"건조된 씨앗, 열매, 껍질, 뿌리 등을 사용해 강한 향과 개성을 부여하는 농축된 향 재료 계열",-,-,-,,,,,,,,,,,,
710,씨앗 향신료,Seed Spice,Spice,Seed Spice,Aroma,-,상위군,"씨앗 형태에서 유래한 향신료로, 분쇄·가열 시 향이 빠르게 방출되며 요리에 방향성과 개성을 부여하는 농축 향 재료군",-,-,-,,,,,,,,,,,,
711,따뜻한/흙향 씨앗 향신료,Warm / Earthy Seed Spice,Spice,Seed Spice,Aroma,-,하위군,따뜻하고 흙향 중심의 베이스를 형성하는 씨앗 향신료 하위군,-,-,-,,,,,,,,,,,,
711.01,커민,Cumin,Spice,Warm / Earthy Seed Spice,Aroma,-,따뜻한 흙향,따뜻하고 흙향 중심의 강한 향을 가진 대표 씨앗 향신료,-,-,-,,,,,,,,,,,,
711.02,페뉴그릭,Fenugreek,Spice,Warm / Earthy Seed Spice,Aroma,-,고소한 쌉쌀함,"고소함과 약한 쌉쌀함, 따뜻한 향을 가진 씨앗 향신료",-,-,-,,,,,,,,,,,,
712,달콤한/향긋한 씨앗 향신료,Sweet / Aromatic Seed Spice,Spice,Seed Spice,Aroma,-,하위군,달콤하거나 향긋한 상부 향을 가지는 씨앗 향신료 하위군,-,-,-,,,,,,,,,,,,
712.01,펜넬씨,Fennel Seed,Spice,Sweet / Aromatic Seed Spice,Aroma,-,감초향 계열,달콤하고 아니스 계열의 향을 가진 씨앗 향신료,-,-,-,,,,,,,,,,,,
712.02,캐러웨이,Caraway,Spice,Sweet / Aromatic Seed Spice,Aroma,-,따뜻한 향긋함,독특하고 향긋한 방향성을 가진 씨앗 향신료,-,-,-,,,,,,,,,,,,
712.03,아니스,Anise Seed,Spice,Sweet / Aromatic Seed Spice,Aroma,-,감초 향,달콤하고 강한 감초향을 가진 씨앗 향신료로 제과·리큐어·요리에 사용,-,-,-,,,,,,,,,,,,
712.04,양귀비 씨,Poppy Seed,Spice,Sweet / Aromatic Seed Spice,Aroma,,고소한 쌉쌀함,고소하고 은은한 향을 더하는 씨앗 향신료,-,-,-,,,,,,,,,,,,
712.05,참깨,Sesame Seed,Spice,Sweet / Aromatic Seed Spice,Aroma,지방 함량 높음,고소한 향,"고소하고 부드러운 향과 지방감을 함께 가지며 통깨, 볶은깨, 분말 형태로 널리 쓰이는 씨앗 향신료",-,-,-,,,,,,,,,,,,
712.06,들깨,Perilla Seed,Spice,Nutty Seed Spice,Lipid+Aroma,들깨가루 alias,고소한 풀향,고소한 지방감과 풀향을 가진 씨앗 재료,-,-,-,,,,,,,High,Medium,High,"된장,나물",강한 산미,후반
712.07,깨소금,Ground Sesame Salt,Spice,Sweet / Aromatic Seed Spice,Aroma+Salty,참깨+소금 복합 가능,분쇄 참깨 조미형,볶거나 분쇄한 참깨를 기반으로 만든 조미 재료로 고소한 향과 함께 염도 또는 풍미 보강 기능을 제공한다.,-,-,-,,,,,,,High,Medium,Medium,"참기름,나물",강한 산미,후반
713,복합/이국적 씨앗 향신료,Complex / Exotic Seed Spice,Spice,Seed Spice,Aroma,-,하위군,단일 기준으로 묶기 어려운 개성 강한 씨앗 향신료 하위군,-,-,-,,,,,,,,,,,,
713.01,아조완,Ajwain,Spice,Complex / Exotic Seed Spice,Aroma,-,강한 허브향,타임과 유사한 강한 허브성 향을 가진 이국적 씨앗 향신료,-,-,-,,,,,,,,,,,,
720,열매/과실 향신료,Fruit / Pod Spice,Spice,Fruit / Pod Spice,Aroma,-,상위군,"열매, 과실, 꼬투리 형태에서 유래한 향신료로 건조 또는 가공을 통해 향과 색, 자극을 농축하여 요리에 강한 개성과 방향성을 부여함",-,-,-,,,,,,,,,,,,
721,달콤/향긋 열매 향신료,Sweet / Aromatic Fruit Spice,Spice,Fruit / Pod Spice,Aroma,-,하위군,달콤하거나 부드러운 향 중심의 열매형 향신료 하위군,-,-,-,,,,,,,,,,,,
721.01,바닐라,Vanilla,Spice,Sweet / Aromatic Fruit Spice,Aroma+Sweet,-,달콤 향,강한 달콤한 향을 제공하는 대표적인 열매형 향신료로 디저트에 사용됨,-,-,-,,,,,,,,,,,,
721.02,올스파이스,Allspice,Spice,Sweet / Aromatic Fruit Spice,Aroma,-,복합 달콤향,"계피, 정향, 넛맥을 합친 듯한 복합 향을 가진 열매 향신료",-,-,-,,,,,,,,,,,,
722,색 중심 열매 향신료,Color-focused Fruit Spice,Spice,Fruit / Pod Spice,Aroma,-,하위군,색과 시각적 요소를 강조하는 열매형 향신료 하위군,-,-,-,,,,,,,,,,,,
722.01,파프리카,Paprika,Spice,Color-focused Fruit Spice,Aroma,-,색 중심형,매운맛보다 색과 은은한 향을 중심으로 작동하는 열매형 향신료,-,-,-,,,,,,,,,,,,
723,복합/이국적 열매 향신료,Complex / Exotic Fruit Spice,Spice,Fruit / Pod Spice,Aroma,-,하위군,단일 기준으로 묶기 어려운 개성 강한 열매형 향신료 하위군,-,-,-,,,,,,,,,,,,
723.01,팔각(스타아니스),Star Anise,Spice,Complex / Exotic Fruit Spice,Aroma,-,감초향,강한 아니스 계열 향을 가진 별 모양의 열매 향신료로 중식 및 향료에 사용됨,-,-,-,,,,,,,,,,,,
723.02,카다몸,Cardamom,Spice,Complex / Exotic Fruit Spice,Aroma,-,복합 향,상큼함과 따뜻함이 공존하는 복합적인 향을 가진 열매형 향신료,-,-,-,,,,,,,,,,,,
730,뿌리/껍질 향신료,Root / Bark Spice,Spice,Root / Bark Spice,Aroma,-,상위군,"뿌리, 리좀, 껍질에서 유래한 향신료로 따뜻함, 깊이, 구조감을 부여하는 농축 향 재료군",-,-,-,,,,,,,,,,,,
731,따뜻한 뿌리 향신료,Warm Root Spice,Spice,Root / Bark Spice,Aroma+Heat,Heat vs Aroma,하위군,따뜻함과 자극을 함께 가지는 뿌리·리좀 계열 향신료 하위군,-,-,-,,,,,,,,,,,,
731.01,강황,Turmeric,Spice,Warm Root Spice,Aroma,-,흙향/색감,"흙향과 약한 쌉쌀함, 강한 색을 부여하는 리좀 향신료",-,-,-,,,,,,,,,,,,
732,따뜻한 껍질 향신료,Warm Bark Spice,Spice,Root / Bark Spice,Aroma,-,하위군,껍질 기반으로 따뜻하고 달콤한 향을 형성하는 향신료 하위군,-,-,-,,,,,,,,,,,,
732.01,계피,Cinnamon,Spice,Warm Bark Spice,Aroma,-,달콤한 따뜻향,달콤하고 따뜻한 향을 가진 대표적인 껍질 향신료,-,-,-,,,,,,,,,,,,
732.02,카시아,Cassia,Spice,Warm Bark Spice,Aroma,-,강한 계피향,계피보다 더 직선적이고 강한 따뜻한 향을 가진 껍질 향신료,-,-,-,,,,,,,,,,,,
733,따뜻한 씨핵/종자 향신료,Warm Kernel Spice,Spice,Root / Bark Spice,Aroma,-,하위군,따뜻하고 둥근 향을 가지는 단단한 핵/종자 계열 향신료 하위군,-,-,-,,,,,,,,,,,,
733.01,넛맥,Nutmeg,Spice,Warm Kernel Spice,Aroma,-,둥근 따뜻향,따뜻하고 둥근 깊이를 더하는 대표적인 향신료,-,-,-,,,,,,,,,,,,
733.02,메이스,Mace,Spice,Warm Kernel Spice,Aroma,-,섬세한 따뜻향,넛맥보다 더 섬세하고 가벼운 따뜻한 향을 가진 향신료,-,-,-,,,,,,,,,,,,
734,깊은 뿌리/수지 향신료,Deep Root / Resinous Spice,Spice,Root / Bark Spice,Aroma,-,하위군,묵직하고 지속적인 잔향을 가지는 뿌리·수지 계열 향신료 하위군,-,-,-,,,,,,,,,,,,
734.01,사사프라스,Sassafras,Spice,Deep Root / Resinous Spice,Aroma,-,루트비어형,달콤하고 약재 같은 깊은 향을 만드는 뿌리/수지 계열 향신료,-,-,-,,,,,,,,,,,,
734.02,감초,Licorice Root,Spice,Deep Root / Resinous Spice,Aroma,단맛 존재,약재성 단향,강한 단맛과 약재 특유의 향을 가진 깊은 뿌리 계열 향신료로 향 균형 및 단맛 보정에 사용됨,-,-,-,,,,,,,,,,,,
734.03,당귀,Angelica Root,Spice,Deep Root / Resinous Spice,Aroma,-,약재향,"깊고 약재적인 향을 가지며 국물, 리큐어, 전통 조합에 쓰이는 뿌리 향신료",-,-,-,,,,,,,,,,,,
734.04,사르사파릴라,Sarsaparilla,Spice,Deep Root / Resinous Spice,Aroma,-,루트비어향,달콤하고 묵직한 뿌리 향을 가지며 루트비어 계열의 캐릭터를 만드는 뿌리 향신료,-,-,-,,,,,,,,,,,,
740,꽃/특수 향신료,Flower / Specialty Spice,Spice,Flower / Specialty Spice,Aroma,-,상위군,"꽃, 암술, 꽃봉오리 등에서 유래한 향신료로 섬세하고 독특한 향을 제공하며 요리에 고유한 개성을 부여함",-,-,-,,,,,,,,,,,,
741,꽃봉오리 향신료,Bud Spice,Spice,Flower / Specialty Spice,Aroma,-,하위군,꽃이 피기 전 봉오리 상태에서 채취된 향신료로 강하고 농축된 향을 가짐,-,-,-,,,,,,,,,,,,
741.01,정향,Clove,Spice,Bud Spice,Aroma,-,강한 약재향,강하고 따뜻한 향을 가진 대표적인 꽃봉오리 향신료,-,-,-,,,,,,,,,,,,
742,암술/꽃 중심 향신료,Stigma / Flower Spice,Spice,Flower / Specialty Spice,Aroma,-,하위군,꽃의 암술 또는 꽃 자체에서 향을 얻는 고급 향신료 계열,-,-,-,,,,,,,,,,,,
742.01,사프란,Saffron,Spice,Stigma / Flower Spice,Aroma,-,고급 향/색,강한 색과 섬세한 향을 동시에 제공하는 대표적인 고급 향신료,-,-,-,,,,,,,,,,,,
743,특수 향신료,Specialty Spice,Spice,Flower / Specialty Spice,Aroma,-,하위군,기존 형태 분류에 명확히 속하지 않는 고유 특성을 가진 향신료 계열,-,-,-,,,,,,,,,,,,
743.01,톤카빈,Tonka Bean,Spice,Specialty Spice,Aroma,-,바닐라/아몬드향,바닐라와 아몬드가 결합된 듯한 강한 향을 가진 특수 향신료,-,-,-,,,,,,,,,,,,
750,혼합 향신료,Blended Spice,Spice,Blended Spice,Aroma,-,상위군,여러 향신료가 조합되어 단일 재료보다 복합적인 방향성과 기능을 제공하는 향신료 계열,-,-,-,,,,,,,,,,,,
751,기본 혼합 향신료,Classic Blend Spice,Spice,Blended Spice,Aroma,-,하위군,전통적으로 널리 사용되는 대표적인 혼합 향신료 조합,-,-,-,,,,,,,,,,,,
751.01,카레가루,Curry Powder,Spice,Classic Blend Spice,Aroma+Heat,-,복합 향,다양한 향신료가 혼합되어 깊고 복합적인 향을 형성하는 대표 혼합 향신료,-,-,-,,,,,,,,,,,,
751.02,가람마살라,Garam Masala,Spice,Classic Blend Spice,Aroma,-,따뜻한 복합향,따뜻하고 깊은 향 중심의 인도식 혼합 향신료,-,-,-,,,,,,,,,,,,
751.03,칠리믹스,Chili Mix,Spice,Classic Blend Spice,Aroma+Heat,-,매운 복합향,고추와 향신료가 혼합된 매운 중심의 혼합 향신료,-,-,-,,,,,,,,,,,,
752,지역/문화 혼합 향신료,Regional Blend Spice,Spice,Blended Spice,Aroma,-,하위군,특정 지역이나 문화권에서 발전한 혼합 향신료 계열,-,-,-,,,,,,,,,,,,
752.01,자타르,Za’atar,Spice,Regional Blend Spice,Aroma,-,허브 복합향,허브와 향신료가 혼합된 중동 지역 혼합 향신료,-,-,-,,,,,,,,,,,,
752.02,두카,Dukkah,Spice,Regional Blend Spice,Aroma,-,고소 복합향,견과와 향신료가 혼합된 고소한 복합 향신료,-,-,-,,,,,,,,,,,,
753,기능 중심 혼합 향신료,Functional Blend Spice,Spice,Blended Spice,Aroma,-,하위군,"특정 기능(향, 매운맛, 색 등)을 강화하기 위해 조합된 혼합 향신료 계열",-,-,-,,,,,,,,,,,,
753.01,바비큐 시즈닝,BBQ Seasoning,Spice,Functional Blend Spice,Aroma+Heat,-,훈연/단짠향,"훈연향과 단맛, 짠맛이 결합된 기능 중심 혼합 향신료",-,-,-,,,,,,,,,,,,
753.02,타코 시즈닝,Taco Seasoning,Spice,Functional Blend Spice,Aroma+Heat,-,강한 향신료향,강한 향과 매운맛을 동시에 제공하는 기능 중심 혼합 향신료,-,-,-,,,,,,,,,,,,
753.03,양꼬치 시즈닝,Lamb Skewer Seasoning,Spice,Functional Blend Spice,Aroma+Heat,-,큐민 중심 향,"큐민, 고추, 소금 등이 혼합된 강한 향과 자극을 제공하는 혼합 향신료",-,-,-,,,,,,,,,,,,
760,추출/농축 향신료,Extracted / Infused Spice,Spice,Extracted Spice,Aroma,-,상위군,"향신료를 기름, 물, 알코올 등에 추출하거나 농축하여 향과 기능을 강화한 계열",-,-,-,,,,,,,,,,,,
761,수용성 추출 향신료,Water Extracted Spice,Spice,Extracted Spice,Aroma,-,하위군,물 기반으로 향과 성분을 추출한 계열,-,-,-,,,,,,,,,,,,
761.01,향신료 육수,Spice Broth,Spice,Water Extracted Spice,Aroma,-,물 추출,향신료를 끓여 향을 추출한 액상 형태,-,-,-,,,,,,,,,,,,
761.02,차(허브티),Herbal Tea,Spice,Water Extracted Spice,Aroma,-,약한 추출,허브를 우려 향을 추출한 형태,-,-,-,,,,,,,,,,,,
762,알코올 추출 향신료,Alcohol Extracted Spice,Spice,Extracted Spice,Aroma,-,하위군,알코올을 이용해 향을 추출한 계열,-,-,-,,,,,,,,,,,,
762.01,바닐라 익스트랙,Vanilla Extract,Spice,Alcohol Extracted Spice,Aroma,-,고농도 향,바닐라 향을 알코올로 추출한 고농축 향신료,-,-,-,,,,,,,,,,,,
800,지방 시스템,Lipid System,Lipid,Lipid,Fat,-,상위군,맛과 향을 용해·전달하고 질감과 코팅감을 형성하는 물리적 매개 시스템,-,-,-,,,,,,,,,,,,
810,동물성 지방,Animal Fat,Lipid,Animal Fat,Fat,-,하위군,동물에서 유래한 지방으로 풍부한 바디감과 감칠 전달 능력을 가진 계열,-,-,-,,,,,,,,,,,,
811,라드,Lard,Lipid,Animal Fat,Fat,-,돼지 지방,돼지에서 얻는 대표적인 동물성 지방으로 풍부한 바디감과 고소한 풍미를 제공,-,-,-,,,,,,,,,,,,
812,탤로,Tallow,Lipid,Animal Fat,Fat,-,소 지방,소에서 얻는 단단한 지방으로 깊은 풍미와 높은 열안정성을 가짐,-,-,-,,,,,,,,,,,,
813,닭기름,Chicken Fat,Lipid,Animal Fat,Fat,-,가금 지방,닭에서 얻는 지방으로 비교적 가볍고 고소한 풍미를 제공,-,-,-,,,,,,,,,,,,
814,오리기름,Duck Fat,Lipid,Animal Fat,Fat,-,가금 지방,오리에서 얻는 지방으로 진하고 풍부한 향과 바디감을 제공,-,-,-,,,,,,,,,,,,
815,어유,Fish Oil,Lipid,Animal Fat,Fat,-,해양 지방,생선에서 얻는 지방으로 해산물 특유의 풍미와 지방감을 제공,-,-,-,,,,,,,,,,,,
816,베이컨 지방,Bacon Fat,Lipid,Animal Fat,Fat+Aroma,-,훈연 지방,베이컨 조리 후 남는 지방으로 훈연향과 짠향을 함께 전달,-,-,-,,,,,,,,,,,,
817,슈말츠,Schmaltz,Lipid,Animal Fat,Fat,-,정제 가금 지방,주로 닭이나 거위에서 얻는 렌더링 지방으로 유대식 요리에 자주 사용,-,-,-,,,,,,,,,,,,
820,식물성 오일,Plant Oil,Lipid,Plant Oil,Fat,-,상위군,식물에서 추출된 액상 지방으로 향을 전달하고 음식의 질감과 바디를 형성하는 기본 지방 계열,-,-,-,,,,,,,,,,,,
821,중성 식물성 오일,Neutral Plant Oil,Lipid,Plant Oil,Fat,-,하위군,향이 약하고 범용적으로 사용되는 기본 식물성 오일 계열,-,-,-,,,,,,,,,,,,
821.00,식용유,Cooking Oil,Lipid,Neutral Oil,Lipid,대표 조리용 오일,중성 지방감,조리 시 열 전달과 지방감을 형성하는 기본 오일,-,-,-,,,,,,,Medium,Low,High,"마늘,향신료",강한 산미,전반
821.01,카놀라유,Canola Oil,Lipid,Neutral Plant Oil,Fat,-,중성 오일,향이 거의 없어 재료 본연의 맛을 방해하지 않는 기본 조리용 오일,-,-,-,,,,,,,,,,,,
821.02,콩기름,Soybean Oil,Lipid,Neutral Plant Oil,Fat,-,범용 오일,대두에서 추출된 일반적인 조리용 오일로 널리 사용됨,-,-,-,,,,,,,,,,,,
821.03,해바라기유,Sunflower Oil,Lipid,Neutral Plant Oil,Fat,-,가벼운 오일,가볍고 깔끔한 맛을 가진 식물성 오일,-,-,-,,,,,,,,,,,,
821.04,팜유,Palm Oil,Lipid,Neutral Plant Oil,Fat,-,고온 안정 오일,야자에서 추출된 식물성 오일로 높은 안정성과 중성적 지방감을 제공,-,-,-,,,,,,,,,,,,
821.05,옥수수유,Corn Oil,Lipid,Neutral Plant Oil,중성 조리용 지방,중,카놀라유·콩기름·해바라기유와 유사한 중성 식물성 오일. 향미 기여보다는 가열 조리와 지방 매체 역할이 중심.,"옥수수 배아에서 추출한 식물성 오일로, 비교적 중립적인 향과 높은 지방감을 가지며 볶음·부침·튀김 등 범용 조리에 사용되는 조리용 오일이다.",CHECK,TRUE,-,중,낮음,중,"고춧가루, 마늘, 양파, 감자, 전분, 튀김가루","섬세한 허브 마감, 강한 생식용 향미 오일 대체",조리 초반/중반,,,,,,
822,향미 오일,Aromatic Plant Oil,Lipid,Plant Oil,Fat+Aroma,-,하위군,고유 향이 뚜렷하여 전달 기능과 향미 기능을 함께 수행하는 식물성 오일 계열,-,-,-,,,,,,,,,,,,
822.01,올리브유,Olive Oil,Lipid,Aromatic Plant Oil,Fat+Aroma,-,과일 오일,올리브에서 추출된 오일로 풍부한 향과 부드러운 질감을 제공,-,-,-,,,,,,,,,,,,
822.02,참기름,Sesame Oil,Lipid,Aromatic Plant Oil,Fat+Aroma,-,견과 향,강한 고소한 향을 가진 대표적인 향미 오일,-,-,-,,,,,,,,,,,,
822.03,들기름,Perilla Oil,Lipid,Aromatic Plant Oil,Fat+Aroma,-,허브성 향,특유의 강한 향과 고소함을 가진 식물성 오일,-,-,-,,,,,,,,,,,,
822.04,호두유,Walnut Oil,Lipid,Aromatic Plant Oil,Fat+Aroma,-,고소한 향미 오일,호두 특유의 고소하고 깊은 향을 가진 식물성 오일,-,-,-,,,,,,,,,,,,
822.05,호박씨유,Pumpkin Seed Oil,Lipid,Aromatic Plant Oil,Fat+Aroma,-,진한 씨앗향,호박씨에서 추출된 진하고 깊은 향의 식물성 오일,-,-,-,,,,,,,,,,,,
822.06,아몬드오일,Almond Oil,Lipid,Aromatic Plant Oil,Fat+Aroma,-,부드러운 견과향,아몬드 특유의 부드럽고 은은한 견과 향을 가진 오일,-,-,-,,,,,,,,,,,,
822.07,트러플오일,Truffle Oil,Lipid,Flavored Oil,Fat+Aroma,-,향미 오일,트러플 향이 첨가된 향미 오일,-,-,-,,,,,,,,,,,,
822.08,마늘오일,Garlic Oil,Lipid,Flavored Oil,Fat+Aroma,-,향 추출 오일,마늘 향을 지방에 입힌 오일,-,-,-,,,,,,,,,,,,
822.09,칠리오일,Chili Oil,Lipid,Flavored Oil,Fat+Aroma+Heat,Heat vs Aroma,매운 향미 오일,고추의 향과 자극을 포함한 오일,-,-,-,,,,,,,,,,,,
822.10,허브오일,Herb Oil,Lipid,Flavored Oil,Fat+Aroma,-,허브 향 오일,허브 향을 지방에 추출한 오일,-,-,-,,,,,,,,,,,,
823,특수 식물성 오일,Specialty Plant Oil,Lipid,Plant Oil,Fat+Aroma,-,"하위군. “연기점, 구조, 기능적 특성이 일반 오일과 다른 고기능 오일”","특수 원료, 기능, 사용 목적을 가진 식물성 오일 계열",-,-,-,,,,,,,,,,,,
823.01,코코넛오일,Coconut Oil,Lipid,Specialty Plant Oil,Fat+Aroma,-,열대 향,코코넛 특유의 향과 지방감을 제공하는 식물성 오일,-,-,-,,,,,,,,,,,,
823.02,포도씨유,Grapeseed Oil,Lipid,Specialty Plant Oil,Fat,-,고온 안정,높은 발연점으로 튀김과 고온 조리에 적합한 오일,-,-,-,,,,,,,,,,,,
823.03,아보카도오일,Avocado Oil,Lipid,Specialty Plant Oil,Fat,-,고급 오일,부드럽고 고온 안정성이 높은 프리미엄 오일,-,-,-,,,,,,,,,,,,
830,유제품 지방,Dairy Fat,Lipid,Dairy Fat,Fat+Aroma,-,상위군,유제품에서 유래한 지방으로 부드러운 질감과 고소한 풍미를 형성하는 계열,-,-,-,,,,,,,,,,,,
831,순수 유제품 지방,Pure Dairy Fat,Lipid,Dairy Fat,Fat,-,하위군,유고형분이 제거되거나 지방 중심으로 구성된 순수 유제품 지방 계열,-,-,-,,,,,,,,,,,,
831.01,버터,Butter,Lipid,Pure Dairy Fat,Fat+Aroma,-,기본 유제품 지방,우유 지방을 농축한 대표적인 유제품 지방,-,-,-,,,,,,,,,,,,
831.02,클래리파이드 버터,Clarified Butter,Lipid,Pure Dairy Fat,Fat,-,정제 지방,수분과 유고형분을 제거해 고온 안정성을 높인 버터,-,-,-,,,,,,,,,,,,
831.03,기,Ghee,Lipid,Pure Dairy Fat,Fat+Aroma,-,고온 지방,인도식 정제 버터로 깊은 풍미와 높은 열안정성을 가짐,-,-,-,,,,,,,,,,,,
832,크림 기반 지방,Cream-Based Fat,Lipid,Dairy Fat,Fat+Texture,-,하위군,우유 지방과 수분이 함께 존재하여 부드러운 질감을 형성하는 유제품 계열,-,-,-,,,,,,,,,,,,
832.01,생크림,Cream,Lipid,Cream-Based Fat,Fat+Texture,-,유화 지방,부드러운 질감과 지방감을 제공하는 액상 유제품,-,-,-,,,,,,,,,,,,
832.02,사워크림,Sour Cream,Lipid,Cream-Based Fat,Fat+Acid,-,발효 크림,산미와 지방이 결합된 유제품,-,-,-,,,,,,,,,,,,
833,치즈 지방,Cheese-Based Fat,Lipid,Dairy Fat,Fat+Umami,-,하위군,발효와 응고를 통해 풍미와 감칠이 강화된 유제품 지방 계열,-,-,-,,,,,,,,,,,,
833.01,치즈,Cheese,Lipid,Cheese-Based Fat,Fat+Umami,-,발효 지방,발효를 통해 풍미와 감칠이 강화된 유제품,-,-,-,,,,,,,,,,,,
833.02,크림치즈,Cream Cheese,Lipid,Cheese-Based Fat,Fat+Texture,-,부드러운 치즈,지방과 단백질이 결합된 부드러운 유제품,-,-,-,,,,,,,,,,,,
833.03,마스카포네,Mascarpone,Lipid,Cheese-Based Fat,Fat+Texture,-,고지방 치즈,매우 부드럽고 고지방의 크림형 치즈,-,-,-,,,,,,,,,,,,
840,가공 지방,Processed Fat,Lipid,Processed Fat,Fat,-,상위군. “기능성(제과/안정성/유화)을 위해 인위적으로 가공된 지방”,"정제, 혼합, 가공을 통해 기능이나 안정성이 조정된 지방 계열로 조리 목적에 맞게 설계된 지방 시스템",-,-,-,,,,,,,,,,,,
841,제과/반죽용 가공 지방,Baking Processed Fat,Lipid,Processed Fat,Fat+Texture,-,하위군,"반죽의 결, 바삭함, 층 형성 등 제과·제빵 구조를 조절하기 위한 가공 지방 계열",-,-,-,,,,,,,,,,,,
841.01,쇼트닝,Shortening,Lipid,Baking Processed Fat,Fat+Texture,-,제과용 지방,제과와 튀김에서 바삭한 식감과 구조를 만드는 가공 지방,-,-,-,,,,,,,,,,,,
841.02,마가린,Margarine,Lipid,Baking Processed Fat,Fat+Aroma,-,대체 버터,식물성 또는 혼합 지방으로 만든 버터 대체 가공 지방,-,-,-,,,,,,,,,,,,
842,혼합 가공 지방,Blended Processed Fat,Lipid,Processed Fat,Fat,-,하위군,여러 지방을 혼합해 기능과 안정성을 조정한 가공 지방 계열,-,-,-,,,,,,,,,,,,
842.01,혼합 지방 블렌드,Fat Blend,Lipid,Blended Processed Fat,Fat,-,혼합 지방,여러 지방을 혼합해 기능을 조정한 가공 지방,-,-,-,,,,,,,,,,,,
842.02,라드 블렌드,Lard Blend,Lipid,Blended Processed Fat,Fat,-,동물성 혼합 지방,라드를 중심으로 기능을 조정한 혼합 가공 지방,-,-,-,,,,,,,,,,,,
843,정제/안정화 가공 지방,Refined / Stabilized Fat,Lipid,Processed Fat,Fat,-,하위군,"정제나 안정화 과정을 통해 보관성, 사용성, 열안정성을 높인 가공 지방 계열",-,-,-,,,,,,,,,,,,
843.01,정제 식물성 지방,Refined Vegetable Fat,Lipid,Refined / Stabilized Fat,Fat,-,정제 지방,불순물과 향을 제거하거나 안정성을 높이기 위해 정제된 식물성 지방,-,-,-,,,,,,,,,,,,
843.02,안정화 지방,Stabilized Fat,Lipid,Refined / Stabilized Fat,Fat+Texture,-,기능 안정화,사용 목적에 맞게 질감과 안정성을 조정한 가공 지방,-,-,-,,,,,,,,,,,,
850,유화 시스템,Emulsified Fat System,Lipid,Emulsion,Fat+Texture,-,상위군,지방과 수분이 결합하여 새로운 질감과 안정성을 형성하는 유화 상태의 시스템,-,-,-,,,,,,,,,,,,
851,안정 유화 시스템,Stable Emulsion,Lipid,Emulsion,Fat+Texture,-,하위군,지속적으로 분리되지 않고 유지되는 안정 유화 상태,-,-,-,,,,,,,,,,,,
851.01,마요네즈,Mayonnaise,Lipid,Stable Emulsion,Fat+Texture,-,안정 유화,대표적인 안정 유화 소스,-,-,-,,,,,,,,,,,,
851.02,아이올리,Aioli,Lipid,Stable Emulsion,Fat+Aroma,-,마늘 유화,마늘 기반 유화 소스,-,-,-,,,,,,,,,,,,
852,불안정 유화 시스템,Unstable Emulsion,Lipid,Emulsion,Fat+Acid,-,하위군,일시적으로 결합되며 쉽게 분리되는 유화 상태,-,-,-,,,,,,,,,,,,
852.01,비네그레트,Vinaigrette,Lipid,Unstable Emulsion,Fat+Acid,-,불안정 유화,오일과 식초가 결합된 드레싱,-,-,-,,,,,,,,,,,,
900,식감,Texture,Texture,Texture,-,-,상위군,음식에서 느껴지는 물리적 감각과 이를 형성하는 재료 및 구조 계열,-,-,-,,,,,,,,,,,,
910,구조 형성,Structure Formation,Texture,Texture,Structure,-,소분류,반죽 및 음식의 기본 형태와 골격을 형성하는 재료군,-,-,-,,,,,,,,,,,,
911,밀가루,Wheat Flour,Texture,Structure Formation,Structure,-,글루텐 구조,글루텐 형성을 통해 음식의 기본 구조와 탄성을 형성하는 곡물 분말,-,-,-,,,,,,,,,,,,
911.01,박력분,Cake Flour,Texture,Wheat Flour,Structure,-,저단백,"부드럽고 약한 구조 형성, 제과용",-,-,-,,,,,,,,,,,,
911.02,중력분,All-purpose Flour,Texture,Wheat Flour,Structure,-,범용,다양한 요리에 사용되는 중간 글루텐 구조,-,-,-,,,,,,,,,,,,
911.03,강력분,Bread Flour,Texture,Wheat Flour,Structure,-,고단백,강한 글루텐 형성으로 쫀득한 식감 형성,-,-,-,,,,,,,,,,,,
911.04,통밀가루,Whole Wheat Flour,Texture,Wheat Flour,Structure,-,거친 입자,섬유질 포함으로 밀도 있는 구조 형성,-,-,-,,,,,,,,,,,,
920,점도 형성(유동성 유지),Viscosity Formation,Texture,Texture,Viscosity,-,소분류,액체의 점도를 증가시켜 흐름과 농도를 조절하는 재료군,-,-,-,,,,,,,,,,,,
921,전분,Starch,Texture,Viscosity Formation,Viscosity,-,증점 핵심,가열 시 점도를 증가시키고 질감을 부드럽게 만드는 탄수화물,-,-,-,,,,,,,,,,,,
921.01,옥수수전분,Corn Starch,Texture,Starch,Viscosity,-,투명 점도,가열 시 투명하고 부드러운 점도 형성,-,-,-,,,,,,,,,,,,
921.02,감자전분,Potato Starch,Texture,Starch,Viscosity,-,강한 점도,높은 점성과 탄력 있는 질감 형성,-,-,-,,,,,,,,,,,,
922,검류,Gum,Texture,Viscosity Formation,Viscosity,-,고효율 증점,소량으로 점도와 안정성을 크게 증가시키는 재료군,-,-,-,,,,,,,,,,,,
922.01,잔탄검,Xanthan Gum,Texture,Gum,Viscosity,-,강력 증점,소량으로 높은 점도 형성과 분리 방지,-,-,-,,,,,,,,,,,,
922.02,펙틴,Pectin,Texture,Gum,Viscosity,-,겔 형성 보조,잼 및 젤 구조 형성에 사용되는 식물성 점증제,-,-,-,,,,,,,,,,,,
930,젤 형성(형태 고정),Gel Formation,Texture,Texture,Gel,-,소분류,액체를 고정된 형태로 전환하여 탄성 및 고형 구조를 만드는 재료군,-,-,-,,,,,,,,,,,,
931,젤화 재료,Gelling Agent,Texture,Gel Formation,Gel,-,구조 고정,액체를 고체 또는 반고체 형태로 전환하는 재료,-,-,-,,,,,,,,,,,,
931.01,젤라틴,Gelatin,Texture,Gelling Agent,Gel,-,동물성,부드럽고 탄력 있는 젤 구조 형성,-,-,-,,,,,,,,,,,,
931.02,한천,Agar,Texture,Gelling Agent,Gel,-,식물성,단단하고 깔끔한 젤 구조 형성,-,-,-,,,,,,,,,,,,
940,팽창 형성,Aeration,Texture,Texture,Airy,-,소분류,기체를 생성하여 부풀림과 공기 구조를 형성하는 재료군,-,-,-,,,,,,,,,,,,
941,팽창 재료,Leavening Agent,Texture,Aeration,Airy,-,기체 생성,반응 또는 발효로 기체를 생성하여 구조를 확장,-,-,-,,,,,,,,,,,,
941.01,베이킹파우더,Baking Powder,Texture,Leavening Agent,Airy,-,화학 반응,열 반응으로 기체 발생 → 부풀림 형성,-,-,-,,,,,,,,,,,,
941.02,이스트,Yeast,Texture,Leavening Agent,Airy,-,발효,발효를 통해 기체 생성 및 구조 팽창,-,-,-,,,,,,,,,,,,
950,표면 구조 형성,Surface Formation,Texture,Texture,Surface,-,소분류,표면 코팅 및 외피를 형성하여 바삭함과 보호층을 만드는 재료군,-,-,-,,,,,,,,,,,,
951,코팅 재료,Coating Agent,Texture,Surface Formation,Surface,-,혼합 구조,표면 코팅을 통해 식감 변화를 유도하는 재료군,-,-,-,,,,,,,,,,,,
951.01,튀김가루,Frying Mix,Texture,Coating Agent,Surface,-,바삭 외피,튀김 시 바삭한 외피 형성,-,-,-,,,,,,,,,,,,
951.02,부침가루,Batter Mix,Texture,Coating Agent,Surface,-,부드러운 코팅,부침 요리에 적합한 코팅층 형성,-,-,-,,,,,,,,,,,,
951.03,빵가루,Panko,Texture,Coating Agent,Surface,-,입자 코팅,거친 입자 구조로 바삭한 외피 형성,-,-,-,,,,,,,,,,,,